timestamp,loader,phase,loop,scenario,fps,frame_ms,cpu_load,gpu_load,memory_mb,vram_mb,ent_skip,ent_protect,part_skip,part_protect
1782320688024,Forge,CAPTURE_OFF,1,World Flythrough,20.84,47.98,48.64,N/A,4288.64,N/A,0,0,0,0
1782320688071,Forge,CAPTURE_OFF,1,World Flythrough,10.02,99.77,48.64,N/A,4288.64,N/A,0,0,0,0
1782320688108,Forge,CAPTURE_OFF,1,World Flythrough,26.48,37.77,48.64,N/A,4288.64,N/A,0,0,0,0
1782320688132,Forge,CAPTURE_OFF,1,World Flythrough,42.12,23.74,48.64,N/A,4288.64,N/A,0,0,0,0
1782320688162,Forge,CAPTURE_OFF,1,World Flythrough,32.21,31.05,48.64,N/A,4288.64,N/A,0,0,0,0
1782320688207,Forge,CAPTURE_OFF,1,World Flythrough,22.68,44.10,48.64,N/A,4288.64,N/A,0,0,0,0
1782320688256,Forge,CAPTURE_OFF,1,World Flythrough,20.35,49.14,48.64,N/A,4288.64,N/A,0,0,0,0
1782320688281,Forge,CAPTURE_OFF,1,World Flythrough,39.64,25.23,48.64,N/A,4288.64,N/A,0,0,0,0
1782320688315,Forge,CAPTURE_OFF,1,World Flythrough,29.52,33.87,48.64,N/A,4288.64,N/A,0,0,0,0
1782320688349,Forge,CAPTURE_OFF,1,World Flythrough,29.94,33.40,48.64,N/A,4288.64,N/A,0,0,0,0
1782320688373,Forge,CAPTURE_OFF,1,World Flythrough,40.62,24.62,48.64,N/A,4288.64,N/A,0,0,0,0
1782320688422,Forge,CAPTURE_OFF,1,World Flythrough,20.40,49.03,48.64,N/A,4288.64,N/A,0,0,0,0
1782320688505,Forge,CAPTURE_OFF,1,World Flythrough,12.01,83.26,48.64,N/A,4288.64,N/A,0,0,0,0
1782320688533,Forge,CAPTURE_OFF,1,World Flythrough,36.51,27.39,48.64,N/A,4288.64,N/A,0,0,0,0
1782320688564,Forge,CAPTURE_OFF,1,World Flythrough,32.18,31.08,48.64,N/A,4288.64,N/A,0,0,0,0
1782320688598,Forge,CAPTURE_OFF,1,World Flythrough,29.07,34.41,48.64,N/A,4288.64,N/A,0,0,0,0
1782320688618,Forge,CAPTURE_OFF,1,World Flythrough,51.21,19.53,48.64,N/A,4288.64,N/A,0,0,0,0
1782320688662,Forge,CAPTURE_OFF,1,World Flythrough,23.07,43.35,48.64,N/A,4288.64,N/A,0,0,0,0
1782320688699,Forge,CAPTURE_OFF,1,World Flythrough,26.95,37.11,48.64,N/A,4288.64,N/A,0,0,0,0
1782320688722,Forge,CAPTURE_OFF,1,World Flythrough,42.36,23.61,48.64,N/A,4288.64,N/A,0,0,0,0
1782320688755,Forge,CAPTURE_OFF,1,World Flythrough,30.93,32.33,48.64,N/A,4288.64,N/A,0,0,0,0
1782320688787,Forge,CAPTURE_OFF,1,World Flythrough,30.76,32.51,48.64,N/A,4288.64,N/A,0,0,0,0
1782320688835,Forge,CAPTURE_OFF,1,World Flythrough,21.04,47.54,48.64,N/A,4288.64,N/A,0,0,0,0
1782320688887,Forge,CAPTURE_OFF,1,World Flythrough,19.09,52.38,48.64,N/A,4288.64,N/A,0,0,0,0
1782320688920,Forge,CAPTURE_OFF,1,World Flythrough,30.30,33.00,48.64,N/A,4288.64,N/A,0,0,0,0
1782320688958,Forge,CAPTURE_OFF,1,World Flythrough,26.22,38.14,48.64,N/A,4288.64,N/A,0,0,0,0
1782320689029,Forge,CAPTURE_OFF,1,World Flythrough,41.97,23.83,38.89,N/A,3193.90,N/A,0,0,0,0
1782320689105,Forge,CAPTURE_OFF,1,World Flythrough,8.13,123.05,38.89,N/A,3193.90,N/A,0,0,0,0
1782320689128,Forge,CAPTURE_OFF,1,World Flythrough,42.68,23.43,38.89,N/A,3193.90,N/A,0,0,0,0
1782320689159,Forge,CAPTURE_OFF,1,World Flythrough,32.32,30.94,38.89,N/A,3193.90,N/A,0,0,0,0
1782320689206,Forge,CAPTURE_OFF,1,World Flythrough,21.27,47.01,38.89,N/A,3193.90,N/A,0,0,0,0
1782320689237,Forge,CAPTURE_OFF,1,World Flythrough,33.08,30.23,38.89,N/A,3193.90,N/A,0,0,0,0
1782320689276,Forge,CAPTURE_OFF,1,World Flythrough,25.76,38.81,38.89,N/A,3193.90,N/A,0,0,0,0
1782320689306,Forge,CAPTURE_OFF,1,World Flythrough,33.23,30.10,38.89,N/A,3193.90,N/A,0,0,0,0
1782320689323,Forge,CAPTURE_OFF,1,World Flythrough,55.72,17.95,38.89,N/A,3193.90,N/A,0,0,0,0
1782320689365,Forge,CAPTURE_OFF,1,World Flythrough,24.22,41.29,38.89,N/A,3193.90,N/A,0,0,0,0
1782320689413,Forge,CAPTURE_OFF,1,World Flythrough,20.92,47.79,38.89,N/A,3193.90,N/A,0,0,0,0
1782320689436,Forge,CAPTURE_OFF,1,World Flythrough,41.86,23.89,38.89,N/A,3193.90,N/A,0,0,0,0
1782320689504,Forge,CAPTURE_OFF,1,World Flythrough,14.64,68.28,38.89,N/A,3193.90,N/A,0,0,0,0
1782320689527,Forge,CAPTURE_OFF,1,World Flythrough,42.43,23.57,38.89,N/A,3193.90,N/A,0,0,0,0
1782320689569,Forge,CAPTURE_OFF,1,World Flythrough,24.75,40.41,38.89,N/A,3193.90,N/A,0,0,0,0
1782320689605,Forge,CAPTURE_OFF,1,World Flythrough,27.41,36.48,38.89,N/A,3193.90,N/A,0,0,0,0
1782320689630,Forge,CAPTURE_OFF,1,World Flythrough,40.45,24.72,38.89,N/A,3193.90,N/A,0,0,0,0
1782320689664,Forge,CAPTURE_OFF,1,World Flythrough,29.25,34.19,38.89,N/A,3193.90,N/A,0,0,0,0
1782320689706,Forge,CAPTURE_OFF,1,World Flythrough,23.98,41.70,38.89,N/A,3193.90,N/A,0,0,0,0
1782320689735,Forge,CAPTURE_OFF,1,World Flythrough,33.70,29.68,38.89,N/A,3193.90,N/A,0,0,0,0
1782320689768,Forge,CAPTURE_OFF,1,World Flythrough,30.49,32.80,38.89,N/A,3193.90,N/A,0,0,0,0
1782320689810,Forge,CAPTURE_OFF,1,World Flythrough,24.01,41.65,38.89,N/A,3193.90,N/A,0,0,0,0
1782320689854,Forge,CAPTURE_OFF,1,World Flythrough,22.79,43.88,38.89,N/A,3193.90,N/A,0,0,0,0
1782320689877,Forge,CAPTURE_OFF,1,World Flythrough,42.43,23.57,38.89,N/A,3193.90,N/A,0,0,0,0
1782320689917,Forge,CAPTURE_OFF,1,World Flythrough,25.11,39.83,38.89,N/A,3193.90,N/A,0,0,0,0
1782320689964,Forge,CAPTURE_OFF,1,World Flythrough,21.35,46.83,38.89,N/A,3193.90,N/A,0,0,0,0
1782320690048,Forge,CAPTURE_OFF,1,World Flythrough,26.22,38.14,38.88,N/A,4006.90,N/A,0,0,0,0
1782320690106,Forge,CAPTURE_OFF,1,World Flythrough,9.61,104.08,38.88,N/A,4006.90,N/A,0,0,0,0
1782320690138,Forge,CAPTURE_OFF,1,World Flythrough,30.95,32.31,38.88,N/A,4006.90,N/A,0,0,0,0
1782320690177,Forge,CAPTURE_OFF,1,World Flythrough,25.90,38.61,38.88,N/A,4006.90,N/A,0,0,0,0
1782320690214,Forge,CAPTURE_OFF,1,World Flythrough,26.94,37.12,38.88,N/A,4006.90,N/A,0,0,0,0
1782320690256,Forge,CAPTURE_OFF,1,World Flythrough,23.54,42.48,38.88,N/A,4006.90,N/A,0,0,0,0
1782320690282,Forge,CAPTURE_OFF,1,World Flythrough,38.73,25.82,38.88,N/A,4006.90,N/A,0,0,0,0
1782320690326,Forge,CAPTURE_OFF,1,World Flythrough,22.98,43.52,38.88,N/A,4006.90,N/A,0,0,0,0
1782320690362,Forge,CAPTURE_OFF,1,World Flythrough,28.05,35.65,38.88,N/A,4006.90,N/A,0,0,0,0
1782320690390,Forge,CAPTURE_OFF,1,World Flythrough,35.37,28.27,38.88,N/A,4006.90,N/A,0,0,0,0
1782320690431,Forge,CAPTURE_OFF,1,World Flythrough,24.01,41.65,38.88,N/A,4006.90,N/A,0,0,0,0
1782320690472,Forge,CAPTURE_OFF,1,World Flythrough,24.68,40.52,38.88,N/A,4006.90,N/A,0,0,0,0
1782320690526,Forge,CAPTURE_OFF,1,World Flythrough,18.40,54.34,38.88,N/A,4006.90,N/A,0,0,0,0
1782320690564,Forge,CAPTURE_OFF,1,World Flythrough,26.80,37.32,38.88,N/A,4006.90,N/A,0,0,0,0
1782320690600,Forge,CAPTURE_OFF,1,World Flythrough,28.13,35.55,38.88,N/A,4006.90,N/A,0,0,0,0
1782320690625,Forge,CAPTURE_OFF,1,World Flythrough,38.52,25.96,38.88,N/A,4006.90,N/A,0,0,0,0
1782320690654,Forge,CAPTURE_OFF,1,World Flythrough,34.73,28.80,38.88,N/A,4006.90,N/A,0,0,0,0
1782320690677,Forge,CAPTURE_OFF,1,World Flythrough,44.05,22.70,38.88,N/A,4006.90,N/A,0,0,0,0
1782320690708,Forge,CAPTURE_OFF,1,World Flythrough,32.26,31.00,38.88,N/A,4006.90,N/A,0,0,0,0
1782320690734,Forge,CAPTURE_OFF,1,World Flythrough,38.59,25.92,38.88,N/A,4006.90,N/A,0,0,0,0
1782320690769,Forge,CAPTURE_OFF,1,World Flythrough,28.12,35.57,38.88,N/A,4006.90,N/A,0,0,0,0
1782320690805,Forge,CAPTURE_OFF,1,World Flythrough,27.76,36.02,38.88,N/A,4006.90,N/A,0,0,0,0
1782320690828,Forge,CAPTURE_OFF,1,World Flythrough,42.55,23.50,38.88,N/A,4006.90,N/A,0,0,0,0
1782320690862,Forge,CAPTURE_OFF,1,World Flythrough,29.29,34.15,38.88,N/A,4006.90,N/A,0,0,0,0
1782320690888,Forge,CAPTURE_OFF,1,World Flythrough,40.54,24.67,38.88,N/A,4006.90,N/A,0,0,0,0
1782320690954,Forge,CAPTURE_OFF,1,World Flythrough,15.12,66.14,38.88,N/A,4006.90,N/A,0,0,0,0
1782320690978,Forge,CAPTURE_OFF,1,World Flythrough,42.21,23.69,38.88,N/A,4006.90,N/A,0,0,0,0
1782320691055,Forge,CAPTURE_OFF,1,World Flythrough,30.28,33.03,35.53,N/A,2806.90,N/A,0,0,0,0
1782320691098,Forge,CAPTURE_OFF,1,World Flythrough,11.38,87.89,35.53,N/A,2806.90,N/A,0,0,0,0
1782320691122,Forge,CAPTURE_OFF,1,World Flythrough,42.00,23.81,35.53,N/A,2806.90,N/A,0,0,0,0
1782320691153,Forge,CAPTURE_OFF,1,World Flythrough,32.34,30.92,35.53,N/A,2806.90,N/A,0,0,0,0
1782320691177,Forge,CAPTURE_OFF,1,World Flythrough,41.36,24.18,35.53,N/A,2806.90,N/A,0,0,0,0
1782320691214,Forge,CAPTURE_OFF,1,World Flythrough,27.01,37.02,35.53,N/A,2806.90,N/A,0,0,0,0
1782320691238,Forge,CAPTURE_OFF,1,World Flythrough,42.22,23.69,35.53,N/A,2806.90,N/A,0,0,0,0
1782320691274,Forge,CAPTURE_OFF,1,World Flythrough,27.83,35.93,35.53,N/A,2806.90,N/A,0,0,0,0
1782320691312,Forge,CAPTURE_OFF,1,World Flythrough,26.39,37.89,35.53,N/A,2806.90,N/A,0,0,0,0
1782320691358,Forge,CAPTURE_OFF,1,World Flythrough,21.80,45.87,35.53,N/A,2806.90,N/A,0,0,0,0
1782320691385,Forge,CAPTURE_OFF,1,World Flythrough,36.92,27.09,35.53,N/A,2806.90,N/A,0,0,0,0
1782320691428,Forge,CAPTURE_OFF,1,World Flythrough,23.22,43.07,35.53,N/A,2806.90,N/A,0,0,0,0
1782320691468,Forge,CAPTURE_OFF,1,World Flythrough,24.90,40.17,35.53,N/A,2806.90,N/A,0,0,0,0
1782320691503,Forge,CAPTURE_OFF,1,World Flythrough,28.84,34.67,35.53,N/A,2806.90,N/A,0,0,0,0
1782320691527,Forge,CAPTURE_OFF,1,World Flythrough,41.33,24.19,35.53,N/A,2806.90,N/A,0,0,0,0
1782320691562,Forge,CAPTURE_OFF,1,World Flythrough,28.31,35.33,35.53,N/A,2806.90,N/A,0,0,0,0
1782320691587,Forge,CAPTURE_OFF,1,World Flythrough,40.06,24.96,35.53,N/A,2806.90,N/A,0,0,0,0
1782320691623,Forge,CAPTURE_OFF,1,World Flythrough,27.50,36.37,35.53,N/A,2806.90,N/A,0,0,0,0
1782320691657,Forge,CAPTURE_OFF,1,World Flythrough,29.71,33.66,35.53,N/A,2806.90,N/A,0,0,0,0
1782320691682,Forge,CAPTURE_OFF,1,World Flythrough,39.63,25.23,35.53,N/A,2806.90,N/A,0,0,0,0
1782320691719,Forge,CAPTURE_OFF,1,World Flythrough,27.19,36.77,35.53,N/A,2806.90,N/A,0,0,0,0
1782320691758,Forge,CAPTURE_OFF,1,World Flythrough,26.04,38.41,35.53,N/A,2806.90,N/A,0,0,0,0
1782320691782,Forge,CAPTURE_OFF,1,World Flythrough,39.84,25.10,35.53,N/A,2806.90,N/A,0,0,0,0
1782320691819,Forge,CAPTURE_OFF,1,World Flythrough,27.68,36.13,35.53,N/A,2806.90,N/A,0,0,0,0
1782320691853,Forge,CAPTURE_OFF,1,World Flythrough,29.06,34.41,35.53,N/A,2806.90,N/A,0,0,0,0
1782320691882,Forge,CAPTURE_OFF,1,World Flythrough,35.01,28.57,35.53,N/A,2806.90,N/A,0,0,0,0
1782320691912,Forge,CAPTURE_OFF,1,World Flythrough,32.71,30.57,35.53,N/A,2806.90,N/A,0,0,0,0
1782320691937,Forge,CAPTURE_OFF,1,World Flythrough,40.05,24.97,35.53,N/A,2806.90,N/A,0,0,0,0
1782320691972,Forge,CAPTURE_OFF,1,World Flythrough,28.54,35.04,35.53,N/A,2806.90,N/A,0,0,0,0
1782320692004,Forge,CAPTURE_OFF,1,World Flythrough,31.31,31.93,35.53,N/A,2806.90,N/A,0,0,0,0
1782320692078,Forge,CAPTURE_OFF,1,World Flythrough,46.33,21.58,42.06,N/A,3788.70,N/A,0,0,0,0
1782320692125,Forge,CAPTURE_OFF,1,World Flythrough,10.09,99.08,42.06,N/A,3788.70,N/A,0,0,0,0
1782320692159,Forge,CAPTURE_OFF,1,World Flythrough,29.36,34.06,42.06,N/A,3788.70,N/A,0,0,0,0
1782320692185,Forge,CAPTURE_OFF,1,World Flythrough,37.76,26.49,42.06,N/A,3788.70,N/A,0,0,0,0
1782320692214,Forge,CAPTURE_OFF,1,World Flythrough,35.77,27.95,42.06,N/A,3788.70,N/A,0,0,0,0
1782320692235,Forge,CAPTURE_OFF,1,World Flythrough,46.41,21.54,42.06,N/A,3788.70,N/A,0,0,0,0
1782320692268,Forge,CAPTURE_OFF,1,World Flythrough,29.82,33.53,42.06,N/A,3788.70,N/A,0,0,0,0
1782320692306,Forge,CAPTURE_OFF,1,World Flythrough,26.46,37.79,42.06,N/A,3788.70,N/A,0,0,0,0
1782320692330,Forge,CAPTURE_OFF,1,World Flythrough,43.20,23.15,42.06,N/A,3788.70,N/A,0,0,0,0
1782320692359,Forge,CAPTURE_OFF,1,World Flythrough,33.59,29.77,42.06,N/A,3788.70,N/A,0,0,0,0
1782320692380,Forge,CAPTURE_OFF,1,World Flythrough,46.77,21.38,42.06,N/A,3788.70,N/A,0,0,0,0
1782320692408,Forge,CAPTURE_OFF,1,World Flythrough,36.14,27.67,42.06,N/A,3788.70,N/A,0,0,0,0
1782320692429,Forge,CAPTURE_OFF,1,World Flythrough,48.27,20.72,42.06,N/A,3788.70,N/A,0,0,0,0
1782320692457,Forge,CAPTURE_OFF,1,World Flythrough,35.14,28.46,42.06,N/A,3788.70,N/A,0,0,0,0
1782320692479,Forge,CAPTURE_OFF,1,World Flythrough,45.87,21.80,42.06,N/A,3788.70,N/A,0,0,0,0
1782320692513,Forge,CAPTURE_OFF,1,World Flythrough,29.36,34.06,42.06,N/A,3788.70,N/A,0,0,0,0
1782320692547,Forge,CAPTURE_OFF,1,World Flythrough,29.88,33.47,42.06,N/A,3788.70,N/A,0,0,0,0
1782320692563,Forge,CAPTURE_OFF,1,World Flythrough,62.85,15.91,42.06,N/A,3788.70,N/A,0,0,0,0
1782320692601,Forge,CAPTURE_OFF,1,World Flythrough,25.92,38.58,42.06,N/A,3788.70,N/A,0,0,0,0
1782320692621,Forge,CAPTURE_OFF,1,World Flythrough,51.40,19.46,42.06,N/A,3788.70,N/A,0,0,0,0
1782320692651,Forge,CAPTURE_OFF,1,World Flythrough,32.70,30.58,42.06,N/A,3788.70,N/A,0,0,0,0
1782320692671,Forge,CAPTURE_OFF,1,World Flythrough,49.74,20.10,42.06,N/A,3788.70,N/A,0,0,0,0
1782320692701,Forge,CAPTURE_OFF,1,World Flythrough,34.13,29.30,42.06,N/A,3788.70,N/A,0,0,0,0
1782320692721,Forge,CAPTURE_OFF,1,World Flythrough,49.84,20.07,42.06,N/A,3788.70,N/A,0,0,0,0
1782320692752,Forge,CAPTURE_OFF,1,World Flythrough,32.10,31.15,42.06,N/A,3788.70,N/A,0,0,0,0
1782320692771,Forge,CAPTURE_OFF,1,World Flythrough,52.92,18.90,42.06,N/A,3788.70,N/A,0,0,0,0
1782320692800,Forge,CAPTURE_OFF,1,World Flythrough,34.47,29.01,42.06,N/A,3788.70,N/A,0,0,0,0
1782320692821,Forge,CAPTURE_OFF,1,World Flythrough,46.73,21.40,42.06,N/A,3788.70,N/A,0,0,0,0
1782320692850,Forge,CAPTURE_OFF,1,World Flythrough,34.60,28.90,42.06,N/A,3788.70,N/A,0,0,0,0
1782320692872,Forge,CAPTURE_OFF,1,World Flythrough,46.28,21.61,42.06,N/A,3788.70,N/A,0,0,0,0
1782320692917,Forge,CAPTURE_OFF,1,World Flythrough,22.21,45.02,42.06,N/A,3788.70,N/A,0,0,0,0
1782320692946,Forge,CAPTURE_OFF,1,World Flythrough,33.90,29.50,42.06,N/A,3788.70,N/A,0,0,0,0
1782320692964,Forge,CAPTURE_OFF,1,World Flythrough,57.62,17.35,42.06,N/A,3788.70,N/A,0,0,0,0
1782320692998,Forge,CAPTURE_OFF,1,World Flythrough,29.10,34.36,42.06,N/A,3788.70,N/A,0,0,0,0
1782320693015,Forge,CAPTURE_OFF,1,World Flythrough,59.52,16.80,42.06,N/A,3788.70,N/A,0,0,0,0
1782320693090,Forge,CAPTURE_OFF,1,World Flythrough,30.38,32.92,29.71,N/A,2867.16,N/A,0,0,0,0
1782320693115,Forge,CAPTURE_OFF,1,World Flythrough,14.79,67.60,29.71,N/A,2867.16,N/A,0,0,0,0
1782320693145,Forge,CAPTURE_OFF,1,World Flythrough,33.75,29.63,29.71,N/A,2867.16,N/A,0,0,0,0
1782320693165,Forge,CAPTURE_OFF,1,World Flythrough,50.57,19.77,29.71,N/A,2867.16,N/A,0,0,0,0
1782320693194,Forge,CAPTURE_OFF,1,World Flythrough,33.76,29.62,29.71,N/A,2867.16,N/A,0,0,0,0
1782320693212,Forge,CAPTURE_OFF,1,World Flythrough,54.09,18.49,29.71,N/A,2867.16,N/A,0,0,0,0
1782320693245,Forge,CAPTURE_OFF,1,World Flythrough,31.47,31.78,29.71,N/A,2867.16,N/A,0,0,0,0
1782320693262,Forge,CAPTURE_OFF,1,World Flythrough,56.87,17.58,29.71,N/A,2867.16,N/A,0,0,0,0
1782320693294,Forge,CAPTURE_OFF,1,World Flythrough,31.50,31.75,29.71,N/A,2867.16,N/A,0,0,0,0
1782320693312,Forge,CAPTURE_OFF,1,World Flythrough,53.23,18.79,29.71,N/A,2867.16,N/A,0,0,0,0
1782320693345,Forge,CAPTURE_OFF,1,World Flythrough,30.82,32.45,29.71,N/A,2867.16,N/A,0,0,0,0
1782320693362,Forge,CAPTURE_OFF,1,World Flythrough,57.13,17.50,29.71,N/A,2867.16,N/A,0,0,0,0
1782320693394,Forge,CAPTURE_OFF,1,World Flythrough,31.89,31.35,29.71,N/A,2867.16,N/A,0,0,0,0
1782320693416,Forge,CAPTURE_OFF,1,World Flythrough,44.88,22.28,29.71,N/A,2867.16,N/A,0,0,0,0
1782320693447,Forge,CAPTURE_OFF,1,World Flythrough,32.92,30.38,29.71,N/A,2867.16,N/A,0,0,0,0
1782320693465,Forge,CAPTURE_OFF,1,World Flythrough,55.61,17.98,29.71,N/A,2867.16,N/A,0,0,0,0
1782320693497,Forge,CAPTURE_OFF,1,World Flythrough,31.21,32.04,29.71,N/A,2867.16,N/A,0,0,0,0
1782320693516,Forge,CAPTURE_OFF,1,World Flythrough,52.63,19.00,29.71,N/A,2867.16,N/A,0,0,0,0
1782320693547,Forge,CAPTURE_OFF,1,World Flythrough,32.00,31.25,29.71,N/A,2867.16,N/A,0,0,0,0
1782320693566,Forge,CAPTURE_OFF,1,World Flythrough,52.32,19.11,29.71,N/A,2867.16,N/A,0,0,0,0
1782320693596,Forge,CAPTURE_OFF,1,World Flythrough,33.33,30.00,29.71,N/A,2867.16,N/A,0,0,0,0
1782320693614,Forge,CAPTURE_OFF,1,World Flythrough,55.17,18.13,29.71,N/A,2867.16,N/A,0,0,0,0
1782320693646,Forge,CAPTURE_OFF,1,World Flythrough,31.51,31.74,29.71,N/A,2867.16,N/A,0,0,0,0
1782320693662,Forge,CAPTURE_OFF,1,World Flythrough,60.82,16.44,29.71,N/A,2867.16,N/A,0,0,0,0
1782320693698,Forge,CAPTURE_OFF,1,World Flythrough,27.93,35.80,29.71,N/A,2867.16,N/A,0,0,0,0
1782320693720,Forge,CAPTURE_OFF,1,World Flythrough,45.01,22.22,29.71,N/A,2867.16,N/A,0,0,0,0
1782320693749,Forge,CAPTURE_OFF,1,World Flythrough,35.14,28.46,29.71,N/A,2867.16,N/A,0,0,0,0
1782320693771,Forge,CAPTURE_OFF,1,World Flythrough,45.32,22.07,29.71,N/A,2867.16,N/A,0,0,0,0
1782320693803,Forge,CAPTURE_OFF,1,World Flythrough,31.66,31.58,29.71,N/A,2867.16,N/A,0,0,0,0
1782320693824,Forge,CAPTURE_OFF,1,World Flythrough,45.90,21.79,29.71,N/A,2867.16,N/A,0,0,0,0
1782320693849,Forge,CAPTURE_OFF,1,World Flythrough,39.74,25.16,29.71,N/A,2867.16,N/A,0,0,0,0
1782320693871,Forge,CAPTURE_OFF,1,World Flythrough,46.90,21.32,29.71,N/A,2867.16,N/A,0,0,0,0
1782320693898,Forge,CAPTURE_OFF,1,World Flythrough,36.21,27.62,29.71,N/A,2867.16,N/A,0,0,0,0
1782320693920,Forge,CAPTURE_OFF,1,World Flythrough,45.15,22.15,29.71,N/A,2867.16,N/A,0,0,0,0
1782320693948,Forge,CAPTURE_OFF,1,World Flythrough,36.37,27.49,29.71,N/A,2867.16,N/A,0,0,0,0
1782320693970,Forge,CAPTURE_OFF,1,World Flythrough,44.90,22.27,29.71,N/A,2867.16,N/A,0,0,0,0
1782320693999,Forge,CAPTURE_OFF,1,World Flythrough,34.65,28.86,29.71,N/A,2867.16,N/A,0,0,0,0
1782320694020,Forge,CAPTURE_OFF,1,World Flythrough,47.30,21.14,29.71,N/A,2867.16,N/A,0,0,0,0
1782320694047,Forge,CAPTURE_OFF,1,World Flythrough,36.59,27.33,29.71,N/A,2867.16,N/A,0,0,0,0
1782320694112,Forge,CAPTURE_OFF,1,World Flythrough,42.44,23.56,24.14,N/A,3399.18,N/A,0,0,0,0
1782320694136,Forge,CAPTURE_OFF,1,World Flythrough,15.58,64.20,24.14,N/A,3399.18,N/A,0,0,0,0
1782320694160,Forge,CAPTURE_OFF,1,World Flythrough,41.19,24.28,24.14,N/A,3399.18,N/A,0,0,0,0
1782320694185,Forge,CAPTURE_OFF,1,World Flythrough,39.07,25.59,24.14,N/A,3399.18,N/A,0,0,0,0
1782320694222,Forge,CAPTURE_OFF,1,World Flythrough,27.27,36.67,24.14,N/A,3399.18,N/A,0,0,0,0
1782320694252,Forge,CAPTURE_OFF,1,World Flythrough,33.35,29.98,24.14,N/A,3399.18,N/A,0,0,0,0
1782320694269,Forge,CAPTURE_OFF,1,World Flythrough,56.41,17.73,24.14,N/A,3399.18,N/A,0,0,0,0
1782320694302,Forge,CAPTURE_OFF,1,World Flythrough,30.35,32.95,24.14,N/A,3399.18,N/A,0,0,0,0
1782320694322,Forge,CAPTURE_OFF,1,World Flythrough,51.95,19.25,24.14,N/A,3399.18,N/A,0,0,0,0
1782320694353,Forge,CAPTURE_OFF,1,World Flythrough,31.94,31.31,24.14,N/A,3399.18,N/A,0,0,0,0
1782320694369,Forge,CAPTURE_OFF,1,World Flythrough,61.39,16.29,24.14,N/A,3399.18,N/A,0,0,0,0
1782320694406,Forge,CAPTURE_OFF,1,World Flythrough,27.29,36.64,24.14,N/A,3399.18,N/A,0,0,0,0
1782320694428,Forge,CAPTURE_OFF,1,World Flythrough,46.20,21.65,24.14,N/A,3399.18,N/A,0,0,0,0
1782320694458,Forge,CAPTURE_OFF,1,World Flythrough,33.21,30.11,24.14,N/A,3399.18,N/A,0,0,0,0
1782320694478,Forge,CAPTURE_OFF,1,World Flythrough,50.42,19.83,24.14,N/A,3399.18,N/A,0,0,0,0
1782320694508,Forge,CAPTURE_OFF,1,World Flythrough,33.41,29.93,24.14,N/A,3399.18,N/A,0,0,0,0
1782320694528,Forge,CAPTURE_OFF,1,World Flythrough,48.83,20.48,24.14,N/A,3399.18,N/A,0,0,0,0
1782320694556,Forge,CAPTURE_OFF,1,World Flythrough,35.74,27.98,24.14,N/A,3399.18,N/A,0,0,0,0
1782320694578,Forge,CAPTURE_OFF,1,World Flythrough,44.86,22.29,24.14,N/A,3399.18,N/A,0,0,0,0
1782320694609,Forge,CAPTURE_OFF,1,World Flythrough,33.13,30.18,24.14,N/A,3399.18,N/A,0,0,0,0
1782320694628,Forge,CAPTURE_OFF,1,World Flythrough,52.27,19.13,24.14,N/A,3399.18,N/A,0,0,0,0
1782320694655,Forge,CAPTURE_OFF,1,World Flythrough,36.72,27.24,24.14,N/A,3399.18,N/A,0,0,0,0
1782320694677,Forge,CAPTURE_OFF,1,World Flythrough,45.04,22.20,24.14,N/A,3399.18,N/A,0,0,0,0
1782320694704,Forge,CAPTURE_OFF,1,World Flythrough,36.51,27.39,24.14,N/A,3399.18,N/A,0,0,0,0
1782320694727,Forge,CAPTURE_OFF,1,World Flythrough,43.49,22.99,24.14,N/A,3399.18,N/A,0,0,0,0
1782320694794,Forge,CAPTURE_OFF,1,World Flythrough,14.99,66.73,24.14,N/A,3399.18,N/A,0,0,0,0
1782320694812,Forge,CAPTURE_OFF,1,World Flythrough,56.33,17.75,24.14,N/A,3399.18,N/A,0,0,0,0
1782320694845,Forge,CAPTURE_OFF,1,World Flythrough,30.31,33.00,24.14,N/A,3399.18,N/A,0,0,0,0
1782320694862,Forge,CAPTURE_OFF,1,World Flythrough,55.16,18.13,24.14,N/A,3399.18,N/A,0,0,0,0
1782320694896,Forge,CAPTURE_OFF,1,World Flythrough,31.04,32.22,24.14,N/A,3399.18,N/A,0,0,0,0
1782320694913,Forge,CAPTURE_OFF,1,World Flythrough,58.32,17.15,24.14,N/A,3399.18,N/A,0,0,0,0
1782320694946,Forge,CAPTURE_OFF,1,World Flythrough,29.26,34.17,24.14,N/A,3399.18,N/A,0,0,0,0
1782320694966,Forge,CAPTURE_OFF,1,World Flythrough,52.42,19.08,24.14,N/A,3399.18,N/A,0,0,0,0
1782320694994,Forge,CAPTURE_OFF,1,World Flythrough,34.82,28.72,24.14,N/A,3399.18,N/A,0,0,0,0
1782320695012,Forge,CAPTURE_OFF,1,World Flythrough,57.46,17.40,24.14,N/A,3399.18,N/A,0,0,0,0
1782320695044,Forge,CAPTURE_OFF,1,World Flythrough,30.72,32.55,24.14,N/A,3399.18,N/A,0,0,0,0
1782320695062,Forge,CAPTURE_OFF,1,World Flythrough,54.59,18.32,24.14,N/A,3399.18,N/A,0,0,0,0
1782320695138,Forge,CAPTURE_OFF,1,World Flythrough,30.99,32.27,21.23,N/A,3791.26,N/A,0,0,0,0
1782320695161,Forge,CAPTURE_OFF,1,World Flythrough,15.26,65.51,21.23,N/A,3791.26,N/A,0,0,0,0
1782320695185,Forge,CAPTURE_OFF,1,World Flythrough,41.44,24.13,21.23,N/A,3791.26,N/A,0,0,0,0
1782320695212,Forge,CAPTURE_OFF,1,World Flythrough,36.79,27.18,21.23,N/A,3791.26,N/A,0,0,0,0
1782320695234,Forge,CAPTURE_OFF,1,World Flythrough,44.08,22.69,21.23,N/A,3791.26,N/A,0,0,0,0
1782320695260,Forge,CAPTURE_OFF,1,World Flythrough,39.63,25.23,21.23,N/A,3791.26,N/A,0,0,0,0
1782320695284,Forge,CAPTURE_OFF,1,World Flythrough,40.45,24.72,21.23,N/A,3791.26,N/A,0,0,0,0
1782320695310,Forge,CAPTURE_OFF,1,World Flythrough,38.85,25.74,21.23,N/A,3791.26,N/A,0,0,0,0
1782320695336,Forge,CAPTURE_OFF,1,World Flythrough,39.06,25.60,21.23,N/A,3791.26,N/A,0,0,0,0
1782320695362,Forge,CAPTURE_OFF,1,World Flythrough,37.22,26.87,21.23,N/A,3791.26,N/A,0,0,0,0
1782320695385,Forge,CAPTURE_OFF,1,World Flythrough,44.69,22.38,21.23,N/A,3791.26,N/A,0,0,0,0
1782320695412,Forge,CAPTURE_OFF,1,World Flythrough,36.72,27.23,21.23,N/A,3791.26,N/A,0,0,0,0
1782320695435,Forge,CAPTURE_OFF,1,World Flythrough,43.78,22.84,21.23,N/A,3791.26,N/A,0,0,0,0
1782320695463,Forge,CAPTURE_OFF,1,World Flythrough,35.76,27.97,21.23,N/A,3791.26,N/A,0,0,0,0
1782320695485,Forge,CAPTURE_OFF,1,World Flythrough,45.65,21.91,21.23,N/A,3791.26,N/A,0,0,0,0
1782320695510,Forge,CAPTURE_OFF,1,World Flythrough,39.19,25.52,21.23,N/A,3791.26,N/A,0,0,0,0
1782320695536,Forge,CAPTURE_OFF,1,World Flythrough,38.59,25.91,21.23,N/A,3791.26,N/A,0,0,0,0
1782320695561,Forge,CAPTURE_OFF,1,World Flythrough,41.45,24.12,21.23,N/A,3791.26,N/A,0,0,0,0
1782320695585,Forge,CAPTURE_OFF,1,World Flythrough,40.30,24.81,21.23,N/A,3791.26,N/A,0,0,0,0
1782320695611,Forge,CAPTURE_OFF,1,World Flythrough,38.72,25.83,21.23,N/A,3791.26,N/A,0,0,0,0
1782320695634,Forge,CAPTURE_OFF,1,World Flythrough,43.58,22.95,21.23,N/A,3791.26,N/A,0,0,0,0
1782320695659,Forge,CAPTURE_OFF,1,World Flythrough,40.19,24.88,21.23,N/A,3791.26,N/A,0,0,0,0
1782320695684,Forge,CAPTURE_OFF,1,World Flythrough,39.45,25.35,21.23,N/A,3791.26,N/A,0,0,0,0
1782320695710,Forge,CAPTURE_OFF,1,World Flythrough,39.92,25.05,21.23,N/A,3791.26,N/A,0,0,0,0
1782320695736,Forge,CAPTURE_OFF,1,World Flythrough,37.62,26.58,21.23,N/A,3791.26,N/A,0,0,0,0
1782320695760,Forge,CAPTURE_OFF,1,World Flythrough,40.66,24.59,21.23,N/A,3791.26,N/A,0,0,0,0
1782320695785,Forge,CAPTURE_OFF,1,World Flythrough,41.73,23.96,21.23,N/A,3791.26,N/A,0,0,0,0
1782320695812,Forge,CAPTURE_OFF,1,World Flythrough,36.77,27.20,21.23,N/A,3791.26,N/A,0,0,0,0
1782320695834,Forge,CAPTURE_OFF,1,World Flythrough,43.73,22.87,21.23,N/A,3791.26,N/A,0,0,0,0
1782320695860,Forge,CAPTURE_OFF,1,World Flythrough,39.60,25.26,21.23,N/A,3791.26,N/A,0,0,0,0
1782320695885,Forge,CAPTURE_OFF,1,World Flythrough,39.93,25.04,21.23,N/A,3791.26,N/A,0,0,0,0
1782320695910,Forge,CAPTURE_OFF,1,World Flythrough,39.48,25.33,21.23,N/A,3791.26,N/A,0,0,0,0
1782320695935,Forge,CAPTURE_OFF,1,World Flythrough,40.11,24.93,21.23,N/A,3791.26,N/A,0,0,0,0
1782320695962,Forge,CAPTURE_OFF,1,World Flythrough,36.99,27.04,21.23,N/A,3791.26,N/A,0,0,0,0
1782320695985,Forge,CAPTURE_OFF,1,World Flythrough,43.31,23.09,21.23,N/A,3791.26,N/A,0,0,0,0
1782320696011,Forge,CAPTURE_OFF,1,World Flythrough,38.01,26.31,21.23,N/A,3791.26,N/A,0,0,0,0
1782320696035,Forge,CAPTURE_OFF,1,World Flythrough,43.30,23.09,21.23,N/A,3791.26,N/A,0,0,0,0
1782320696062,Forge,CAPTURE_OFF,1,World Flythrough,35.50,28.17,21.23,N/A,3791.26,N/A,0,0,0,0
1782320696085,Forge,CAPTURE_OFF,1,World Flythrough,45.93,21.77,21.23,N/A,3791.26,N/A,0,0,0,0
1782320696152,Forge,CAPTURE_OFF,1,World Flythrough,39.27,25.47,14.48,N/A,4163.18,N/A,0,0,0,0
1782320696177,Forge,CAPTURE_OFF,1,World Flythrough,14.90,67.09,14.48,N/A,4163.18,N/A,0,0,0,0
1782320696204,Forge,CAPTURE_OFF,1,World Flythrough,37.58,26.61,14.48,N/A,4163.18,N/A,0,0,0,0
1782320696224,Forge,CAPTURE_OFF,1,World Flythrough,49.23,20.31,14.48,N/A,4163.18,N/A,0,0,0,0
1782320696254,Forge,CAPTURE_OFF,1,World Flythrough,33.26,30.06,14.48,N/A,4163.18,N/A,0,0,0,0
1782320696274,Forge,CAPTURE_OFF,1,World Flythrough,50.16,19.94,14.48,N/A,4163.18,N/A,0,0,0,0
1782320696303,Forge,CAPTURE_OFF,1,World Flythrough,35.03,28.55,14.48,N/A,4163.18,N/A,0,0,0,0
1782320696324,Forge,CAPTURE_OFF,1,World Flythrough,47.31,21.14,14.48,N/A,4163.18,N/A,0,0,0,0
1782320696352,Forge,CAPTURE_OFF,1,World Flythrough,35.59,28.09,14.48,N/A,4163.18,N/A,0,0,0,0
1782320696375,Forge,CAPTURE_OFF,1,World Flythrough,43.09,23.21,14.48,N/A,4163.18,N/A,0,0,0,0
1782320696403,Forge,CAPTURE_OFF,1,World Flythrough,35.97,27.80,14.48,N/A,4163.18,N/A,0,0,0,0
1782320696424,Forge,CAPTURE_OFF,1,World Flythrough,47.25,21.16,14.48,N/A,4163.18,N/A,0,0,0,0
1782320696452,Forge,CAPTURE_OFF,1,World Flythrough,35.65,28.05,14.48,N/A,4163.18,N/A,0,0,0,0
1782320696474,Forge,CAPTURE_OFF,1,World Flythrough,46.03,21.72,14.48,N/A,4163.18,N/A,0,0,0,0
1782320696503,Forge,CAPTURE_OFF,1,World Flythrough,34.11,29.32,14.48,N/A,4163.18,N/A,0,0,0,0
1782320696524,Forge,CAPTURE_OFF,1,World Flythrough,48.06,20.81,14.48,N/A,4163.18,N/A,0,0,0,0
1782320696552,Forge,CAPTURE_OFF,1,World Flythrough,35.45,28.21,14.48,N/A,4163.18,N/A,0,0,0,0
1782320696575,Forge,CAPTURE_OFF,1,World Flythrough,43.94,22.76,14.48,N/A,4163.18,N/A,0,0,0,0
1782320696601,Forge,CAPTURE_OFF,1,World Flythrough,38.79,25.78,14.48,N/A,4163.18,N/A,0,0,0,0
1782320696625,Forge,CAPTURE_OFF,1,World Flythrough,41.87,23.88,14.48,N/A,4163.18,N/A,0,0,0,0
1782320696653,Forge,CAPTURE_OFF,1,World Flythrough,35.19,28.42,14.48,N/A,4163.18,N/A,0,0,0,0
1782320696673,Forge,CAPTURE_OFF,1,World Flythrough,48.38,20.67,14.48,N/A,4163.18,N/A,0,0,0,0
1782320696700,Forge,CAPTURE_OFF,1,World Flythrough,37.34,26.78,14.48,N/A,4163.18,N/A,0,0,0,0
1782320696724,Forge,CAPTURE_OFF,1,World Flythrough,43.15,23.17,14.48,N/A,4163.18,N/A,0,0,0,0
1782320696752,Forge,CAPTURE_OFF,1,World Flythrough,35.47,28.19,14.48,N/A,4163.18,N/A,0,0,0,0
1782320696775,Forge,CAPTURE_OFF,1,World Flythrough,43.03,23.24,14.48,N/A,4163.18,N/A,0,0,0,0
1782320696803,Forge,CAPTURE_OFF,1,World Flythrough,35.83,27.91,14.48,N/A,4163.18,N/A,0,0,0,0
1782320696825,Forge,CAPTURE_OFF,1,World Flythrough,46.39,21.56,14.48,N/A,4163.18,N/A,0,0,0,0
1782320696854,Forge,CAPTURE_OFF,1,World Flythrough,34.42,29.05,14.48,N/A,4163.18,N/A,0,0,0,0
1782320696874,Forge,CAPTURE_OFF,1,World Flythrough,48.82,20.48,14.48,N/A,4163.18,N/A,0,0,0,0
1782320696902,Forge,CAPTURE_OFF,1,World Flythrough,36.52,27.38,14.48,N/A,4163.18,N/A,0,0,0,0
1782320696924,Forge,CAPTURE_OFF,1,World Flythrough,44.77,22.34,14.48,N/A,4163.18,N/A,0,0,0,0
1782320696952,Forge,CAPTURE_OFF,1,World Flythrough,34.89,28.66,14.48,N/A,4163.18,N/A,0,0,0,0
1782320696975,Forge,CAPTURE_OFF,1,World Flythrough,45.10,22.17,14.48,N/A,4163.18,N/A,0,0,0,0
1782320697002,Forge,CAPTURE_OFF,1,World Flythrough,36.24,27.59,14.48,N/A,4163.18,N/A,0,0,0,0
1782320697023,Forge,CAPTURE_OFF,1,World Flythrough,47.22,21.18,14.48,N/A,4163.18,N/A,0,0,0,0
1782320697053,Forge,CAPTURE_OFF,1,World Flythrough,34.00,29.41,14.48,N/A,4163.18,N/A,0,0,0,0
1782320697073,Forge,CAPTURE_OFF,1,World Flythrough,47.80,20.92,14.48,N/A,4163.18,N/A,0,0,0,0
1782320697102,Forge,CAPTURE_OFF,1,World Flythrough,34.94,28.62,14.48,N/A,4163.18,N/A,0,0,0,0
1782320697161,Forge,CAPTURE_OFF,1,World Flythrough,48.14,20.77,13.98,N/A,4400.75,N/A,0,0,0,0
1782320697182,Forge,CAPTURE_OFF,1,World Flythrough,16.89,59.19,13.98,N/A,4400.75,N/A,0,0,0,0
1782320697208,Forge,CAPTURE_OFF,1,World Flythrough,38.06,26.27,13.98,N/A,4400.75,N/A,0,0,0,0
1782320697233,Forge,CAPTURE_OFF,1,World Flythrough,41.22,24.26,13.98,N/A,4400.75,N/A,0,0,0,0
1782320697257,Forge,CAPTURE_OFF,1,World Flythrough,40.41,24.75,13.98,N/A,4400.75,N/A,0,0,0,0
1782320697283,Forge,CAPTURE_OFF,1,World Flythrough,38.49,25.98,13.98,N/A,4400.75,N/A,0,0,0,0
1782320697310,Forge,CAPTURE_OFF,1,World Flythrough,38.15,26.21,13.98,N/A,4400.75,N/A,0,0,0,0
1782320697334,Forge,CAPTURE_OFF,1,World Flythrough,42.10,23.75,13.98,N/A,4400.75,N/A,0,0,0,0
1782320697359,Forge,CAPTURE_OFF,1,World Flythrough,39.40,25.38,13.98,N/A,4400.75,N/A,0,0,0,0
1782320697383,Forge,CAPTURE_OFF,1,World Flythrough,40.96,24.42,13.98,N/A,4400.75,N/A,0,0,0,0
1782320697409,Forge,CAPTURE_OFF,1,World Flythrough,38.73,25.82,13.98,N/A,4400.75,N/A,0,0,0,0
1782320697432,Forge,CAPTURE_OFF,1,World Flythrough,43.02,23.24,13.98,N/A,4400.75,N/A,0,0,0,0
1782320697458,Forge,CAPTURE_OFF,1,World Flythrough,39.29,25.45,13.98,N/A,4400.75,N/A,0,0,0,0
1782320697483,Forge,CAPTURE_OFF,1,World Flythrough,39.93,25.05,13.98,N/A,4400.75,N/A,0,0,0,0
1782320697507,Forge,CAPTURE_OFF,1,World Flythrough,40.89,24.46,13.98,N/A,4400.75,N/A,0,0,0,0
1782320697533,Forge,CAPTURE_OFF,1,World Flythrough,39.48,25.33,13.98,N/A,4400.75,N/A,0,0,0,0
1782320697557,Forge,CAPTURE_OFF,1,World Flythrough,40.59,24.64,13.98,N/A,4400.75,N/A,0,0,0,0
1782320697583,Forge,CAPTURE_OFF,1,World Flythrough,38.92,25.70,13.98,N/A,4400.75,N/A,0,0,0,0
1782320697619,Forge,CAPTURE_OFF,1,World Flythrough,27.66,36.15,13.98,N/A,4400.75,N/A,0,0,0,0
1782320697650,Forge,CAPTURE_OFF,1,World Flythrough,32.05,31.20,13.98,N/A,4400.75,N/A,0,0,0,0
1782320697668,Forge,CAPTURE_OFF,1,World Flythrough,58.46,17.11,13.98,N/A,4400.75,N/A,0,0,0,0
1782320697699,Forge,CAPTURE_OFF,1,World Flythrough,31.47,31.78,13.98,N/A,4400.75,N/A,0,0,0,0
1782320697717,Forge,CAPTURE_OFF,1,World Flythrough,55.40,18.05,13.98,N/A,4400.75,N/A,0,0,0,0
1782320697750,Forge,CAPTURE_OFF,1,World Flythrough,30.83,32.44,13.98,N/A,4400.75,N/A,0,0,0,0
1782320697769,Forge,CAPTURE_OFF,1,World Flythrough,53.23,18.78,13.98,N/A,4400.75,N/A,0,0,0,0
1782320697799,Forge,CAPTURE_OFF,1,World Flythrough,33.10,30.21,13.98,N/A,4400.75,N/A,0,0,0,0
1782320697818,Forge,CAPTURE_OFF,1,World Flythrough,51.67,19.35,13.98,N/A,4400.75,N/A,0,0,0,0
1782320697850,Forge,CAPTURE_OFF,1,World Flythrough,30.92,32.34,13.98,N/A,4400.75,N/A,0,0,0,0
1782320697868,Forge,CAPTURE_OFF,1,World Flythrough,57.94,17.26,13.98,N/A,4400.75,N/A,0,0,0,0
1782320697900,Forge,CAPTURE_OFF,1,World Flythrough,30.59,32.69,13.98,N/A,4400.75,N/A,0,0,0,0
1782320697919,Forge,CAPTURE_OFF,1,World Flythrough,53.24,18.78,13.98,N/A,4400.75,N/A,0,0,0,0
1782320697950,Forge,CAPTURE_OFF,1,World Flythrough,32.12,31.14,13.98,N/A,4400.75,N/A,0,0,0,0
1782320697969,Forge,CAPTURE_OFF,1,World Flythrough,54.09,18.49,13.98,N/A,4400.75,N/A,0,0,0,0
1782320698001,Forge,CAPTURE_OFF,1,World Flythrough,30.64,32.64,13.98,N/A,4400.75,N/A,0,0,0,0
1782320698018,Forge,CAPTURE_OFF,1,World Flythrough,59.75,16.74,13.98,N/A,4400.75,N/A,0,0,0,0
1782320698049,Forge,CAPTURE_OFF,1,World Flythrough,31.78,31.47,13.98,N/A,4400.75,N/A,0,0,0,0
1782320698068,Forge,CAPTURE_OFF,1,World Flythrough,55.27,18.09,13.98,N/A,4400.75,N/A,0,0,0,0
1782320698104,Forge,CAPTURE_OFF,1,World Flythrough,27.58,36.26,13.98,N/A,4400.75,N/A,0,0,0,0
1782320698169,Forge,CAPTURE_OFF,1,World Flythrough,43.96,22.75,14.04,N/A,2766.43,N/A,0,0,0,0
1782320698199,Forge,CAPTURE_OFF,1,World Flythrough,13.84,72.27,14.04,N/A,2766.43,N/A,0,0,0,0
1782320698219,Forge,CAPTURE_OFF,1,World Flythrough,50.77,19.70,14.04,N/A,2766.43,N/A,0,0,0,0
1782320698248,Forge,CAPTURE_OFF,1,World Flythrough,33.61,29.75,14.04,N/A,2766.43,N/A,0,0,0,0
1782320698267,Forge,CAPTURE_OFF,1,World Flythrough,54.30,18.42,14.04,N/A,2766.43,N/A,0,0,0,0
1782320698299,Forge,CAPTURE_OFF,1,World Flythrough,31.30,31.95,14.04,N/A,2766.43,N/A,0,0,0,0
1782320698316,Forge,CAPTURE_OFF,1,World Flythrough,59.02,16.94,14.04,N/A,2766.43,N/A,0,0,0,0
1782320698348,Forge,CAPTURE_OFF,1,World Flythrough,30.65,32.63,14.04,N/A,2766.43,N/A,0,0,0,0
1782320698366,Forge,CAPTURE_OFF,1,World Flythrough,57.07,17.52,14.04,N/A,2766.43,N/A,0,0,0,0
1782320698398,Forge,CAPTURE_OFF,1,World Flythrough,30.64,32.64,14.04,N/A,2766.43,N/A,0,0,0,0
1782320698416,Forge,CAPTURE_OFF,1,World Flythrough,56.91,17.57,14.04,N/A,2766.43,N/A,0,0,0,0
1782320698448,Forge,CAPTURE_OFF,1,World Flythrough,31.73,31.52,14.04,N/A,2766.43,N/A,0,0,0,0
1782320698467,Forge,CAPTURE_OFF,1,World Flythrough,52.87,18.91,14.04,N/A,2766.43,N/A,0,0,0,0
1782320698498,Forge,CAPTURE_OFF,1,World Flythrough,32.37,30.89,14.04,N/A,2766.43,N/A,0,0,0,0
1782320698516,Forge,CAPTURE_OFF,1,World Flythrough,53.18,18.81,14.04,N/A,2766.43,N/A,0,0,0,0
1782320698548,Forge,CAPTURE_OFF,1,World Flythrough,31.42,31.82,14.04,N/A,2766.43,N/A,0,0,0,0
1782320698565,Forge,CAPTURE_OFF,1,World Flythrough,56.77,17.62,14.04,N/A,2766.43,N/A,0,0,0,0
1782320698598,Forge,CAPTURE_OFF,1,World Flythrough,31.01,32.25,14.04,N/A,2766.43,N/A,0,0,0,0
1782320698616,Forge,CAPTURE_OFF,1,World Flythrough,55.54,18.01,14.04,N/A,2766.43,N/A,0,0,0,0
1782320698648,Forge,CAPTURE_OFF,1,World Flythrough,31.39,31.86,14.04,N/A,2766.43,N/A,0,0,0,0
1782320698667,Forge,CAPTURE_OFF,1,World Flythrough,51.54,19.40,14.04,N/A,2766.43,N/A,0,0,0,0
1782320698699,Forge,CAPTURE_OFF,1,World Flythrough,31.68,31.56,14.04,N/A,2766.43,N/A,0,0,0,0
1782320698716,Forge,CAPTURE_OFF,1,World Flythrough,57.88,17.28,14.04,N/A,2766.43,N/A,0,0,0,0
1782320698749,Forge,CAPTURE_OFF,1,World Flythrough,29.80,33.56,14.04,N/A,2766.43,N/A,0,0,0,0
1782320698766,Forge,CAPTURE_OFF,1,World Flythrough,60.88,16.43,14.04,N/A,2766.43,N/A,0,0,0,0
1782320698802,Forge,CAPTURE_OFF,1,World Flythrough,27.49,36.38,14.04,N/A,2766.43,N/A,0,0,0,0
1782320698824,Forge,CAPTURE_OFF,1,World Flythrough,45.50,21.98,14.04,N/A,2766.43,N/A,0,0,0,0
1782320698853,Forge,CAPTURE_OFF,1,World Flythrough,34.71,28.81,14.04,N/A,2766.43,N/A,0,0,0,0
1782320698875,Forge,CAPTURE_OFF,1,World Flythrough,46.58,21.47,14.04,N/A,2766.43,N/A,0,0,0,0
1782320698902,Forge,CAPTURE_OFF,1,World Flythrough,36.36,27.50,14.04,N/A,2766.43,N/A,0,0,0,0
1782320698924,Forge,CAPTURE_OFF,1,World Flythrough,44.76,22.34,14.04,N/A,2766.43,N/A,0,0,0,0
1782320698952,Forge,CAPTURE_OFF,1,World Flythrough,36.00,27.78,14.04,N/A,2766.43,N/A,0,0,0,0
1782320698975,Forge,CAPTURE_OFF,1,World Flythrough,44.39,22.53,14.04,N/A,2766.43,N/A,0,0,0,0
1782320699010,Forge,CAPTURE_OFF,1,World Flythrough,28.45,35.14,14.04,N/A,2766.43,N/A,0,0,0,0
1782320699034,Forge,CAPTURE_OFF,1,World Flythrough,41.22,24.26,14.04,N/A,2766.43,N/A,0,0,0,0
1782320699059,Forge,CAPTURE_OFF,1,World Flythrough,39.71,25.18,14.04,N/A,2766.43,N/A,0,0,0,0
1782320699084,Forge,CAPTURE_OFF,1,World Flythrough,40.32,24.80,14.04,N/A,2766.43,N/A,0,0,0,0
1782320699108,Forge,CAPTURE_OFF,1,World Flythrough,40.82,24.50,14.04,N/A,2766.43,N/A,0,0,0,0
1782320699174,Forge,CAPTURE_OFF,1,World Flythrough,39.84,25.10,14.28,N/A,3186.44,N/A,0,0,0,0
1782320699207,Forge,CAPTURE_OFF,1,World Flythrough,13.67,73.15,14.28,N/A,3186.44,N/A,0,0,0,0
1782320699231,Forge,CAPTURE_OFF,1,World Flythrough,41.08,24.34,14.28,N/A,3186.44,N/A,0,0,0,0
1782320699257,Forge,CAPTURE_OFF,1,World Flythrough,38.21,26.17,14.28,N/A,3186.44,N/A,0,0,0,0
1782320699282,Forge,CAPTURE_OFF,1,World Flythrough,40.11,24.93,14.28,N/A,3186.44,N/A,0,0,0,0
1782320699307,Forge,CAPTURE_OFF,1,World Flythrough,39.76,25.15,14.28,N/A,3186.44,N/A,0,0,0,0
1782320699333,Forge,CAPTURE_OFF,1,World Flythrough,39.87,25.08,14.28,N/A,3186.44,N/A,0,0,0,0
1782320699356,Forge,CAPTURE_OFF,1,World Flythrough,41.72,23.97,14.28,N/A,3186.44,N/A,0,0,0,0
1782320699382,Forge,CAPTURE_OFF,1,World Flythrough,39.61,25.25,14.28,N/A,3186.44,N/A,0,0,0,0
1782320699407,Forge,CAPTURE_OFF,1,World Flythrough,40.69,24.58,14.28,N/A,3186.44,N/A,0,0,0,0
1782320699431,Forge,CAPTURE_OFF,1,World Flythrough,39.97,25.02,14.28,N/A,3186.44,N/A,0,0,0,0
1782320699457,Forge,CAPTURE_OFF,1,World Flythrough,38.52,25.96,14.28,N/A,3186.44,N/A,0,0,0,0
1782320699481,Forge,CAPTURE_OFF,1,World Flythrough,41.98,23.82,14.28,N/A,3186.44,N/A,0,0,0,0
1782320699506,Forge,CAPTURE_OFF,1,World Flythrough,39.33,25.42,14.28,N/A,3186.44,N/A,0,0,0,0
1782320699531,Forge,CAPTURE_OFF,1,World Flythrough,40.67,24.59,14.28,N/A,3186.44,N/A,0,0,0,0
1782320699557,Forge,CAPTURE_OFF,1,World Flythrough,39.20,25.51,14.28,N/A,3186.44,N/A,0,0,0,0
1782320699581,Forge,CAPTURE_OFF,1,World Flythrough,40.49,24.70,14.28,N/A,3186.44,N/A,0,0,0,0
1782320699607,Forge,CAPTURE_OFF,1,World Flythrough,38.85,25.74,14.28,N/A,3186.44,N/A,0,0,0,0
1782320699632,Forge,CAPTURE_OFF,1,World Flythrough,40.78,24.52,14.28,N/A,3186.44,N/A,0,0,0,0
1782320699662,Forge,CAPTURE_OFF,1,World Flythrough,32.73,30.56,14.28,N/A,3186.44,N/A,0,0,0,0
1782320699682,Forge,CAPTURE_OFF,1,World Flythrough,51.05,19.59,14.28,N/A,3186.44,N/A,0,0,0,0
1782320699708,Forge,CAPTURE_OFF,1,World Flythrough,38.85,25.74,14.28,N/A,3186.44,N/A,0,0,0,0
1782320699733,Forge,CAPTURE_OFF,1,World Flythrough,38.85,25.74,14.28,N/A,3186.44,N/A,0,0,0,0
1782320699758,Forge,CAPTURE_OFF,1,World Flythrough,40.09,24.94,14.28,N/A,3186.44,N/A,0,0,0,0
1782320699782,Forge,CAPTURE_OFF,1,World Flythrough,41.55,24.07,14.28,N/A,3186.44,N/A,0,0,0,0
1782320699808,Forge,CAPTURE_OFF,1,World Flythrough,39.48,25.33,14.28,N/A,3186.44,N/A,0,0,0,0
1782320699833,Forge,CAPTURE_OFF,1,World Flythrough,40.29,24.82,14.28,N/A,3186.44,N/A,0,0,0,0
1782320699860,Forge,CAPTURE_OFF,1,World Flythrough,36.59,27.33,14.28,N/A,3186.44,N/A,0,0,0,0
1782320699882,Forge,CAPTURE_OFF,1,World Flythrough,43.46,23.01,14.28,N/A,3186.44,N/A,0,0,0,0
1782320699908,Forge,CAPTURE_OFF,1,World Flythrough,39.44,25.35,14.28,N/A,3186.44,N/A,0,0,0,0
1782320699932,Forge,CAPTURE_OFF,1,World Flythrough,41.75,23.95,14.28,N/A,3186.44,N/A,0,0,0,0
1782320699957,Forge,CAPTURE_OFF,1,World Flythrough,39.93,25.05,14.28,N/A,3186.44,N/A,0,0,0,0
1782320699982,Forge,CAPTURE_OFF,1,World Flythrough,39.98,25.02,14.28,N/A,3186.44,N/A,0,0,0,0
1782320700008,Forge,CAPTURE_OFF,1,World Flythrough,38.30,26.11,14.28,N/A,3186.44,N/A,0,0,0,0
1782320700032,Forge,CAPTURE_OFF,1,World Flythrough,41.63,24.02,14.28,N/A,3186.44,N/A,0,0,0,0
1782320700057,Forge,CAPTURE_OFF,1,World Flythrough,39.89,25.07,14.28,N/A,3186.44,N/A,0,0,0,0
1782320700082,Forge,CAPTURE_OFF,1,World Flythrough,40.66,24.60,14.28,N/A,3186.44,N/A,0,0,0,0
1782320700107,Forge,CAPTURE_OFF,1,World Flythrough,39.66,25.22,14.28,N/A,3186.44,N/A,0,0,0,0
1782320700132,Forge,CAPTURE_OFF,1,World Flythrough,39.75,25.16,14.28,N/A,3186.44,N/A,0,0,0,0
1782320700199,Forge,CAPTURE_OFF,1,World Flythrough,37.34,26.78,12.84,N/A,3402.43,N/A,0,0,0,0
1782320700221,Forge,CAPTURE_OFF,1,World Flythrough,16.09,62.15,12.84,N/A,3402.43,N/A,0,0,0,0
1782320700248,Forge,CAPTURE_OFF,1,World Flythrough,36.93,27.08,12.84,N/A,3402.43,N/A,0,0,0,0
1782320700271,Forge,CAPTURE_OFF,1,World Flythrough,44.07,22.69,12.84,N/A,3402.43,N/A,0,0,0,0
1782320700299,Forge,CAPTURE_OFF,1,World Flythrough,36.00,27.78,12.84,N/A,3402.43,N/A,0,0,0,0
1782320700321,Forge,CAPTURE_OFF,1,World Flythrough,44.25,22.60,12.84,N/A,3402.43,N/A,0,0,0,0
1782320700349,Forge,CAPTURE_OFF,1,World Flythrough,37.02,27.01,12.84,N/A,3402.43,N/A,0,0,0,0
1782320700371,Forge,CAPTURE_OFF,1,World Flythrough,44.58,22.43,12.84,N/A,3402.43,N/A,0,0,0,0
1782320700399,Forge,CAPTURE_OFF,1,World Flythrough,35.84,27.90,12.84,N/A,3402.43,N/A,0,0,0,0
1782320700421,Forge,CAPTURE_OFF,1,World Flythrough,44.59,22.43,12.84,N/A,3402.43,N/A,0,0,0,0
1782320700448,Forge,CAPTURE_OFF,1,World Flythrough,37.08,26.97,12.84,N/A,3402.43,N/A,0,0,0,0
1782320700471,Forge,CAPTURE_OFF,1,World Flythrough,43.47,23.00,12.84,N/A,3402.43,N/A,0,0,0,0
1782320700499,Forge,CAPTURE_OFF,1,World Flythrough,36.39,27.48,12.84,N/A,3402.43,N/A,0,0,0,0
1782320700521,Forge,CAPTURE_OFF,1,World Flythrough,45.51,21.98,12.84,N/A,3402.43,N/A,0,0,0,0
1782320700549,Forge,CAPTURE_OFF,1,World Flythrough,35.66,28.04,12.84,N/A,3402.43,N/A,0,0,0,0
1782320700570,Forge,CAPTURE_OFF,1,World Flythrough,45.51,21.98,12.84,N/A,3402.43,N/A,0,0,0,0
1782320700597,Forge,CAPTURE_OFF,1,World Flythrough,37.20,26.88,12.84,N/A,3402.43,N/A,0,0,0,0
1782320700621,Forge,CAPTURE_OFF,1,World Flythrough,42.58,23.48,12.84,N/A,3402.43,N/A,0,0,0,0
1782320700648,Forge,CAPTURE_OFF,1,World Flythrough,37.07,26.98,12.84,N/A,3402.43,N/A,0,0,0,0
1782320700671,Forge,CAPTURE_OFF,1,World Flythrough,42.60,23.47,12.84,N/A,3402.43,N/A,0,0,0,0
1782320700700,Forge,CAPTURE_OFF,1,World Flythrough,35.33,28.31,12.84,N/A,3402.43,N/A,0,0,0,0
1782320700720,Forge,CAPTURE_OFF,1,World Flythrough,48.17,20.76,12.84,N/A,3402.43,N/A,0,0,0,0
1782320700749,Forge,CAPTURE_OFF,1,World Flythrough,35.34,28.30,12.84,N/A,3402.43,N/A,0,0,0,0
1782320700771,Forge,CAPTURE_OFF,1,World Flythrough,44.78,22.33,12.84,N/A,3402.43,N/A,0,0,0,0
1782320700798,Forge,CAPTURE_OFF,1,World Flythrough,37.33,26.79,12.84,N/A,3402.43,N/A,0,0,0,0
1782320700821,Forge,CAPTURE_OFF,1,World Flythrough,43.26,23.12,12.84,N/A,3402.43,N/A,0,0,0,0
1782320700850,Forge,CAPTURE_OFF,1,World Flythrough,34.73,28.80,12.84,N/A,3402.43,N/A,0,0,0,0
1782320700871,Forge,CAPTURE_OFF,1,World Flythrough,46.93,21.31,12.84,N/A,3402.43,N/A,0,0,0,0
1782320700898,Forge,CAPTURE_OFF,1,World Flythrough,37.07,26.98,12.84,N/A,3402.43,N/A,0,0,0,0
1782320700921,Forge,CAPTURE_OFF,1,World Flythrough,44.09,22.68,12.84,N/A,3402.43,N/A,0,0,0,0
1782320700948,Forge,CAPTURE_OFF,1,World Flythrough,37.00,27.03,12.84,N/A,3402.43,N/A,0,0,0,0
1782320700972,Forge,CAPTURE_OFF,1,World Flythrough,42.12,23.74,12.84,N/A,3402.43,N/A,0,0,0,0
1782320701000,Forge,CAPTURE_OFF,1,World Flythrough,34.90,28.65,12.84,N/A,3402.43,N/A,0,0,0,0
1782320701022,Forge,CAPTURE_OFF,1,World Flythrough,46.19,21.65,12.84,N/A,3402.43,N/A,0,0,0,0
1782320701048,Forge,CAPTURE_OFF,1,World Flythrough,37.40,26.74,12.84,N/A,3402.43,N/A,0,0,0,0
1782320701071,Forge,CAPTURE_OFF,1,World Flythrough,44.15,22.65,12.84,N/A,3402.43,N/A,0,0,0,0
1782320701099,Forge,CAPTURE_OFF,1,World Flythrough,35.74,27.98,12.84,N/A,3402.43,N/A,0,0,0,0
1782320701122,Forge,CAPTURE_OFF,1,World Flythrough,44.21,22.62,12.84,N/A,3402.43,N/A,0,0,0,0
1782320701149,Forge,CAPTURE_OFF,1,World Flythrough,36.92,27.08,12.84,N/A,3402.43,N/A,0,0,0,0
1782320701217,Forge,CAPTURE_OFF,1,World Flythrough,42.38,23.59,11.85,N/A,3662.44,N/A,0,0,0,0
1782320701247,Forge,CAPTURE_OFF,1,World Flythrough,13.52,73.98,11.85,N/A,3662.44,N/A,0,0,0,0
1782320701272,Forge,CAPTURE_OFF,1,World Flythrough,39.18,25.53,11.85,N/A,3662.44,N/A,0,0,0,0
1782320701298,Forge,CAPTURE_OFF,1,World Flythrough,37.04,27.00,11.85,N/A,3662.44,N/A,0,0,0,0
1782320701322,Forge,CAPTURE_OFF,1,World Flythrough,43.19,23.15,11.85,N/A,3662.44,N/A,0,0,0,0
1782320701350,Forge,CAPTURE_OFF,1,World Flythrough,36.55,27.36,11.85,N/A,3662.44,N/A,0,0,0,0
1782320701372,Forge,CAPTURE_OFF,1,World Flythrough,44.46,22.49,11.85,N/A,3662.44,N/A,0,0,0,0
1782320701398,Forge,CAPTURE_OFF,1,World Flythrough,38.96,25.67,11.85,N/A,3662.44,N/A,0,0,0,0
1782320701421,Forge,CAPTURE_OFF,1,World Flythrough,42.35,23.62,11.85,N/A,3662.44,N/A,0,0,0,0
1782320701449,Forge,CAPTURE_OFF,1,World Flythrough,36.28,27.56,11.85,N/A,3662.44,N/A,0,0,0,0
1782320701473,Forge,CAPTURE_OFF,1,World Flythrough,42.12,23.74,11.85,N/A,3662.44,N/A,0,0,0,0
1782320701499,Forge,CAPTURE_OFF,1,World Flythrough,37.41,26.73,11.85,N/A,3662.44,N/A,0,0,0,0
1782320701522,Forge,CAPTURE_OFF,1,World Flythrough,43.55,22.96,11.85,N/A,3662.44,N/A,0,0,0,0
1782320701549,Forge,CAPTURE_OFF,1,World Flythrough,37.08,26.97,11.85,N/A,3662.44,N/A,0,0,0,0
1782320701571,Forge,CAPTURE_OFF,1,World Flythrough,44.89,22.28,11.85,N/A,3662.44,N/A,0,0,0,0
1782320701598,Forge,CAPTURE_OFF,1,World Flythrough,37.36,26.77,11.85,N/A,3662.44,N/A,0,0,0,0
1782320701621,Forge,CAPTURE_OFF,1,World Flythrough,43.36,23.06,11.85,N/A,3662.44,N/A,0,0,0,0
1782320701649,Forge,CAPTURE_OFF,1,World Flythrough,37.15,26.92,11.85,N/A,3662.44,N/A,0,0,0,0
1782320701672,Forge,CAPTURE_OFF,1,World Flythrough,42.10,23.75,11.85,N/A,3662.44,N/A,0,0,0,0
1782320701698,Forge,CAPTURE_OFF,1,World Flythrough,38.04,26.29,11.85,N/A,3662.44,N/A,0,0,0,0
1782320701722,Forge,CAPTURE_OFF,1,World Flythrough,42.04,23.78,11.85,N/A,3662.44,N/A,0,0,0,0
1782320701749,Forge,CAPTURE_OFF,1,World Flythrough,36.59,27.33,11.85,N/A,3662.44,N/A,0,0,0,0
1782320701772,Forge,CAPTURE_OFF,1,World Flythrough,44.69,22.37,11.85,N/A,3662.44,N/A,0,0,0,0
1782320701798,Forge,CAPTURE_OFF,1,World Flythrough,38.79,25.78,11.85,N/A,3662.44,N/A,0,0,0,0
1782320701822,Forge,CAPTURE_OFF,1,World Flythrough,41.39,24.16,11.85,N/A,3662.44,N/A,0,0,0,0
1782320701848,Forge,CAPTURE_OFF,1,World Flythrough,37.50,26.67,11.85,N/A,3662.44,N/A,0,0,0,0
1782320701872,Forge,CAPTURE_OFF,1,World Flythrough,42.39,23.59,11.85,N/A,3662.44,N/A,0,0,0,0
1782320701899,Forge,CAPTURE_OFF,1,World Flythrough,37.01,27.02,11.85,N/A,3662.44,N/A,0,0,0,0
1782320701922,Forge,CAPTURE_OFF,1,World Flythrough,44.82,22.31,11.85,N/A,3662.44,N/A,0,0,0,0
1782320701951,Forge,CAPTURE_OFF,1,World Flythrough,33.64,29.73,11.85,N/A,3662.44,N/A,0,0,0,0
1782320701972,Forge,CAPTURE_OFF,1,World Flythrough,48.40,20.66,11.85,N/A,3662.44,N/A,0,0,0,0
1782320702002,Forge,CAPTURE_OFF,1,World Flythrough,32.71,30.57,11.85,N/A,3662.44,N/A,0,0,0,0
1782320702022,Forge,CAPTURE_OFF,1,World Flythrough,50.28,19.89,11.85,N/A,3662.44,N/A,0,0,0,0
1782320702048,Forge,CAPTURE_OFF,1,World Flythrough,37.95,26.35,11.85,N/A,3662.44,N/A,0,0,0,0
1782320702072,Forge,CAPTURE_OFF,1,World Flythrough,43.62,22.93,11.85,N/A,3662.44,N/A,0,0,0,0
1782320702098,Forge,CAPTURE_OFF,1,World Flythrough,37.25,26.85,11.85,N/A,3662.44,N/A,0,0,0,0
1782320702123,Forge,CAPTURE_OFF,1,World Flythrough,40.21,24.87,11.85,N/A,3662.44,N/A,0,0,0,0
1782320702148,Forge,CAPTURE_OFF,1,World Flythrough,39.47,25.33,11.85,N/A,3662.44,N/A,0,0,0,0
1782320702172,Forge,CAPTURE_OFF,1,World Flythrough,42.43,23.57,11.85,N/A,3662.44,N/A,0,0,0,0
1782320702240,Forge,CAPTURE_OFF,1,World Flythrough,37.52,26.65,10.83,N/A,3936.39,N/A,0,0,0,0
1782320702262,Forge,CAPTURE_OFF,1,World Flythrough,15.62,64.02,10.83,N/A,3936.39,N/A,0,0,0,0
1782320702294,Forge,CAPTURE_OFF,1,World Flythrough,32.21,31.04,10.83,N/A,3936.39,N/A,0,0,0,0
1782320702312,Forge,CAPTURE_OFF,1,World Flythrough,52.68,18.98,10.83,N/A,3936.39,N/A,0,0,0,0
1782320702344,Forge,CAPTURE_OFF,1,World Flythrough,32.75,30.53,10.83,N/A,3936.39,N/A,0,0,0,0
1782320702364,Forge,CAPTURE_OFF,1,World Flythrough,48.99,20.41,10.83,N/A,3936.39,N/A,0,0,0,0
1782320702395,Forge,CAPTURE_OFF,1,World Flythrough,32.43,30.84,10.83,N/A,3936.39,N/A,0,0,0,0
1782320702412,Forge,CAPTURE_OFF,1,World Flythrough,55.74,17.94,10.83,N/A,3936.39,N/A,0,0,0,0
1782320702443,Forge,CAPTURE_OFF,1,World Flythrough,32.70,30.58,10.83,N/A,3936.39,N/A,0,0,0,0
1782320702461,Forge,CAPTURE_OFF,1,World Flythrough,54.04,18.51,10.83,N/A,3936.39,N/A,0,0,0,0
1782320702492,Forge,CAPTURE_OFF,1,World Flythrough,32.56,30.71,10.83,N/A,3936.39,N/A,0,0,0,0
1782320702512,Forge,CAPTURE_OFF,1,World Flythrough,51.36,19.47,10.83,N/A,3936.39,N/A,0,0,0,0
1782320702542,Forge,CAPTURE_OFF,1,World Flythrough,32.97,30.33,10.83,N/A,3936.39,N/A,0,0,0,0
1782320702562,Forge,CAPTURE_OFF,1,World Flythrough,49.71,20.12,10.83,N/A,3936.39,N/A,0,0,0,0
1782320702594,Forge,CAPTURE_OFF,1,World Flythrough,31.34,31.91,10.83,N/A,3936.39,N/A,0,0,0,0
1782320702612,Forge,CAPTURE_OFF,1,World Flythrough,55.23,18.11,10.83,N/A,3936.39,N/A,0,0,0,0
1782320702643,Forge,CAPTURE_OFF,1,World Flythrough,32.39,30.88,10.83,N/A,3936.39,N/A,0,0,0,0
1782320702665,Forge,CAPTURE_OFF,1,World Flythrough,45.88,21.80,10.83,N/A,3936.39,N/A,0,0,0,0
1782320702697,Forge,CAPTURE_OFF,1,World Flythrough,30.90,32.36,10.83,N/A,3936.39,N/A,0,0,0,0
1782320702717,Forge,CAPTURE_OFF,1,World Flythrough,49.84,20.06,10.83,N/A,3936.39,N/A,0,0,0,0
1782320702744,Forge,CAPTURE_OFF,1,World Flythrough,36.45,27.44,10.83,N/A,3936.39,N/A,0,0,0,0
1782320702763,Forge,CAPTURE_OFF,1,World Flythrough,54.63,18.30,10.83,N/A,3936.39,N/A,0,0,0,0
1782320702794,Forge,CAPTURE_OFF,1,World Flythrough,32.74,30.55,10.83,N/A,3936.39,N/A,0,0,0,0
1782320702813,Forge,CAPTURE_OFF,1,World Flythrough,52.58,19.02,10.83,N/A,3936.39,N/A,0,0,0,0
1782320702844,Forge,CAPTURE_OFF,1,World Flythrough,31.71,31.53,10.83,N/A,3936.39,N/A,0,0,0,0
1782320702862,Forge,CAPTURE_OFF,1,World Flythrough,55.39,18.05,10.83,N/A,3936.39,N/A,0,0,0,0
1782320702892,Forge,CAPTURE_OFF,1,World Flythrough,32.91,30.39,10.83,N/A,3936.39,N/A,0,0,0,0
1782320702915,Forge,CAPTURE_OFF,1,World Flythrough,45.11,22.17,10.83,N/A,3936.39,N/A,0,0,0,0
1782320702945,Forge,CAPTURE_OFF,1,World Flythrough,32.74,30.54,10.83,N/A,3936.39,N/A,0,0,0,0
1782320702963,Forge,CAPTURE_OFF,1,World Flythrough,57.55,17.38,10.83,N/A,3936.39,N/A,0,0,0,0
1782320702993,Forge,CAPTURE_OFF,1,World Flythrough,32.57,30.71,10.83,N/A,3936.39,N/A,0,0,0,0
1782320703013,Forge,CAPTURE_OFF,1,World Flythrough,52.57,19.02,10.83,N/A,3936.39,N/A,0,0,0,0
1782320703044,Forge,CAPTURE_OFF,1,World Flythrough,32.01,31.24,10.83,N/A,3936.39,N/A,0,0,0,0
1782320703062,Forge,CAPTURE_OFF,1,World Flythrough,54.95,18.20,10.83,N/A,3936.39,N/A,0,0,0,0
1782320703094,Forge,CAPTURE_OFF,1,World Flythrough,31.40,31.84,10.83,N/A,3936.39,N/A,0,0,0,0
1782320703112,Forge,CAPTURE_OFF,1,World Flythrough,53.99,18.52,10.83,N/A,3936.39,N/A,0,0,0,0
1782320703144,Forge,CAPTURE_OFF,1,World Flythrough,32.23,31.02,10.83,N/A,3936.39,N/A,0,0,0,0
1782320703164,Forge,CAPTURE_OFF,1,World Flythrough,49.23,20.31,10.83,N/A,3936.39,N/A,0,0,0,0
1782320703194,Forge,CAPTURE_OFF,1,World Flythrough,32.54,30.74,10.83,N/A,3936.39,N/A,0,0,0,0
1782320703259,Forge,CAPTURE_OFF,1,World Flythrough,54.81,18.25,10.42,N/A,4146.44,N/A,0,0,0,0
1782320703287,Forge,CAPTURE_OFF,1,World Flythrough,13.45,74.33,10.42,N/A,4146.44,N/A,0,0,0,0
1782320703314,Forge,CAPTURE_OFF,1,World Flythrough,37.26,26.84,10.42,N/A,4146.44,N/A,0,0,0,0
1782320703332,Forge,CAPTURE_OFF,1,World Flythrough,52.27,19.13,10.42,N/A,4146.44,N/A,0,0,0,0
1782320703360,Forge,CAPTURE_OFF,1,World Flythrough,36.74,27.22,10.42,N/A,4146.44,N/A,0,0,0,0
1782320703382,Forge,CAPTURE_OFF,1,World Flythrough,45.06,22.20,10.42,N/A,4146.44,N/A,0,0,0,0
1782320703409,Forge,CAPTURE_OFF,1,World Flythrough,36.75,27.21,10.42,N/A,4146.44,N/A,0,0,0,0
1782320703432,Forge,CAPTURE_OFF,1,World Flythrough,44.64,22.40,10.42,N/A,4146.44,N/A,0,0,0,0
1782320703456,Forge,CAPTURE_OFF,1,World Flythrough,41.30,24.21,10.42,N/A,4146.44,N/A,0,0,0,0
1782320703481,Forge,CAPTURE_OFF,1,World Flythrough,39.90,25.06,10.42,N/A,4146.44,N/A,0,0,0,0
1782320703506,Forge,CAPTURE_OFF,1,World Flythrough,39.69,25.19,10.42,N/A,4146.44,N/A,0,0,0,0
1782320703531,Forge,CAPTURE_OFF,1,World Flythrough,40.30,24.81,10.42,N/A,4146.44,N/A,0,0,0,0
1782320703556,Forge,CAPTURE_OFF,1,World Flythrough,40.39,24.76,10.42,N/A,4146.44,N/A,0,0,0,0
1782320703580,Forge,CAPTURE_OFF,1,World Flythrough,40.36,24.78,10.42,N/A,4146.44,N/A,0,0,0,0
1782320703606,Forge,CAPTURE_OFF,1,World Flythrough,39.80,25.12,10.42,N/A,4146.44,N/A,0,0,0,0
1782320703632,Forge,CAPTURE_OFF,1,World Flythrough,38.52,25.96,10.42,N/A,4146.44,N/A,0,0,0,0
1782320703656,Forge,CAPTURE_OFF,1,World Flythrough,41.18,24.28,10.42,N/A,4146.44,N/A,0,0,0,0
1782320703682,Forge,CAPTURE_OFF,1,World Flythrough,38.98,25.66,10.42,N/A,4146.44,N/A,0,0,0,0
1782320703708,Forge,CAPTURE_OFF,1,World Flythrough,38.44,26.01,10.42,N/A,4146.44,N/A,0,0,0,0
1782320703732,Forge,CAPTURE_OFF,1,World Flythrough,41.65,24.01,10.42,N/A,4146.44,N/A,0,0,0,0
1782320703757,Forge,CAPTURE_OFF,1,World Flythrough,39.46,25.34,10.42,N/A,4146.44,N/A,0,0,0,0
1782320703781,Forge,CAPTURE_OFF,1,World Flythrough,41.30,24.22,10.42,N/A,4146.44,N/A,0,0,0,0
1782320703806,Forge,CAPTURE_OFF,1,World Flythrough,40.69,24.57,10.42,N/A,4146.44,N/A,0,0,0,0
1782320703831,Forge,CAPTURE_OFF,1,World Flythrough,39.03,25.62,10.42,N/A,4146.44,N/A,0,0,0,0
1782320703856,Forge,CAPTURE_OFF,1,World Flythrough,40.90,24.45,10.42,N/A,4146.44,N/A,0,0,0,0
1782320703881,Forge,CAPTURE_OFF,1,World Flythrough,39.10,25.57,10.42,N/A,4146.44,N/A,0,0,0,0
1782320703908,Forge,CAPTURE_OFF,1,World Flythrough,36.75,27.21,10.42,N/A,4146.44,N/A,0,0,0,0
1782320703932,Forge,CAPTURE_OFF,1,World Flythrough,42.45,23.56,10.42,N/A,4146.44,N/A,0,0,0,0
1782320703956,Forge,CAPTURE_OFF,1,World Flythrough,41.62,24.03,10.42,N/A,4146.44,N/A,0,0,0,0
1782320703982,Forge,CAPTURE_OFF,1,World Flythrough,39.60,25.25,10.42,N/A,4146.44,N/A,0,0,0,0
1782320704006,Forge,CAPTURE_OFF,1,World Flythrough,40.98,24.41,10.42,N/A,4146.44,N/A,0,0,0,0
1782320704032,Forge,CAPTURE_OFF,1,World Flythrough,38.14,26.22,10.42,N/A,4146.44,N/A,0,0,0,0
1782320704060,Forge,CAPTURE_OFF,1,World Flythrough,35.60,28.09,10.42,N/A,4146.44,N/A,0,0,0,0
1782320704082,Forge,CAPTURE_OFF,1,World Flythrough,47.09,21.23,10.42,N/A,4146.44,N/A,0,0,0,0
1782320704106,Forge,CAPTURE_OFF,1,World Flythrough,40.76,24.53,10.42,N/A,4146.44,N/A,0,0,0,0
1782320704131,Forge,CAPTURE_OFF,1,World Flythrough,40.18,24.89,10.42,N/A,4146.44,N/A,0,0,0,0
1782320704157,Forge,CAPTURE_OFF,1,World Flythrough,38.89,25.71,10.42,N/A,4146.44,N/A,0,0,0,0
1782320704181,Forge,CAPTURE_OFF,1,World Flythrough,41.18,24.28,10.42,N/A,4146.44,N/A,0,0,0,0
1782320704206,Forge,CAPTURE_OFF,1,World Flythrough,40.00,25.00,10.42,N/A,4146.44,N/A,0,0,0,0
1782320704282,Forge,CAPTURE_OFF,1,World Flythrough,35.93,27.83,10.69,N/A,4598.50,N/A,0,0,0,0
1782320704313,Forge,CAPTURE_OFF,1,World Flythrough,12.70,78.74,10.69,N/A,4598.50,N/A,0,0,0,0
1782320704345,Forge,CAPTURE_OFF,1,World Flythrough,31.25,32.01,10.69,N/A,4598.50,N/A,0,0,0,0
1782320704363,Forge,CAPTURE_OFF,1,World Flythrough,53.66,18.63,10.69,N/A,4598.50,N/A,0,0,0,0
1782320704395,Forge,CAPTURE_OFF,1,World Flythrough,31.43,31.82,10.69,N/A,4598.50,N/A,0,0,0,0
1782320704412,Forge,CAPTURE_OFF,1,World Flythrough,57.89,17.28,10.69,N/A,4598.50,N/A,0,0,0,0
1782320704444,Forge,CAPTURE_OFF,1,World Flythrough,31.81,31.44,10.69,N/A,4598.50,N/A,0,0,0,0
1782320704462,Forge,CAPTURE_OFF,1,World Flythrough,54.30,18.42,10.69,N/A,4598.50,N/A,0,0,0,0
1782320704493,Forge,CAPTURE_OFF,1,World Flythrough,31.66,31.58,10.69,N/A,4598.50,N/A,0,0,0,0
1782320704512,Forge,CAPTURE_OFF,1,World Flythrough,53.51,18.69,10.69,N/A,4598.50,N/A,0,0,0,0
1782320704543,Forge,CAPTURE_OFF,1,World Flythrough,32.78,30.51,10.69,N/A,4598.50,N/A,0,0,0,0
1782320704563,Forge,CAPTURE_OFF,1,World Flythrough,49.96,20.02,10.69,N/A,4598.50,N/A,0,0,0,0
1782320704593,Forge,CAPTURE_OFF,1,World Flythrough,32.68,30.60,10.69,N/A,4598.50,N/A,0,0,0,0
1782320704612,Forge,CAPTURE_OFF,1,World Flythrough,52.63,19.00,10.69,N/A,4598.50,N/A,0,0,0,0
1782320704643,Forge,CAPTURE_OFF,1,World Flythrough,32.34,30.92,10.69,N/A,4598.50,N/A,0,0,0,0
1782320704663,Forge,CAPTURE_OFF,1,World Flythrough,50.89,19.65,10.69,N/A,4598.50,N/A,0,0,0,0
1782320704695,Forge,CAPTURE_OFF,1,World Flythrough,31.62,31.62,10.69,N/A,4598.50,N/A,0,0,0,0
1782320704713,Forge,CAPTURE_OFF,1,World Flythrough,55.77,17.93,10.69,N/A,4598.50,N/A,0,0,0,0
1782320704745,Forge,CAPTURE_OFF,1,World Flythrough,30.98,32.28,10.69,N/A,4598.50,N/A,0,0,0,0
1782320704762,Forge,CAPTURE_OFF,1,World Flythrough,55.88,17.89,10.69,N/A,4598.50,N/A,0,0,0,0
1782320704796,Forge,CAPTURE_OFF,1,World Flythrough,30.34,32.96,10.69,N/A,4598.50,N/A,0,0,0,0
1782320704813,Forge,CAPTURE_OFF,1,World Flythrough,58.30,17.15,10.69,N/A,4598.50,N/A,0,0,0,0
1782320704849,Forge,CAPTURE_OFF,1,World Flythrough,27.84,35.92,10.69,N/A,4598.50,N/A,0,0,0,0
1782320704872,Forge,CAPTURE_OFF,1,World Flythrough,42.80,23.36,10.69,N/A,4598.50,N/A,0,0,0,0
1782320704905,Forge,CAPTURE_OFF,1,World Flythrough,30.12,33.20,10.69,N/A,4598.50,N/A,0,0,0,0
1782320704925,Forge,CAPTURE_OFF,1,World Flythrough,50.77,19.70,10.69,N/A,4598.50,N/A,0,0,0,0
1782320704950,Forge,CAPTURE_OFF,1,World Flythrough,39.79,25.13,10.69,N/A,4598.50,N/A,0,0,0,0
1782320704982,Forge,CAPTURE_OFF,1,World Flythrough,31.13,32.12,10.69,N/A,4598.50,N/A,0,0,0,0
1782320705009,Forge,CAPTURE_OFF,1,World Flythrough,36.67,27.27,10.69,N/A,4598.50,N/A,0,0,0,0
1782320705031,Forge,CAPTURE_OFF,1,World Flythrough,46.95,21.30,10.69,N/A,4598.50,N/A,0,0,0,0
1782320705056,Forge,CAPTURE_OFF,1,World Flythrough,39.74,25.16,10.69,N/A,4598.50,N/A,0,0,0,0
1782320705081,Forge,CAPTURE_OFF,1,World Flythrough,40.58,24.64,10.69,N/A,4598.50,N/A,0,0,0,0
1782320705107,Forge,CAPTURE_OFF,1,World Flythrough,38.61,25.90,10.69,N/A,4598.50,N/A,0,0,0,0
1782320705130,Forge,CAPTURE_OFF,1,World Flythrough,41.84,23.90,10.69,N/A,4598.50,N/A,0,0,0,0
1782320705155,Forge,CAPTURE_OFF,1,World Flythrough,39.93,25.04,10.69,N/A,4598.50,N/A,0,0,0,0
1782320705182,Forge,CAPTURE_OFF,1,World Flythrough,38.40,26.04,10.69,N/A,4598.50,N/A,0,0,0,0
1782320705206,Forge,CAPTURE_OFF,1,World Flythrough,41.51,24.09,10.69,N/A,4598.50,N/A,0,0,0,0
1782320705231,Forge,CAPTURE_OFF,1,World Flythrough,39.84,25.10,10.69,N/A,4598.50,N/A,0,0,0,0
1782320705308,Forge,CAPTURE_OFF,1,World Flythrough,33.89,29.50,11.63,N/A,2783.82,N/A,0,0,0,0
1782320705329,Forge,CAPTURE_OFF,1,World Flythrough,14.50,68.98,11.63,N/A,2783.82,N/A,0,0,0,0
1782320705355,Forge,CAPTURE_OFF,1,World Flythrough,38.17,26.20,11.63,N/A,2783.82,N/A,0,0,0,0
1782320705380,Forge,CAPTURE_OFF,1,World Flythrough,41.24,24.25,11.63,N/A,2783.82,N/A,0,0,0,0
1782320705404,Forge,CAPTURE_OFF,1,World Flythrough,41.44,24.13,11.63,N/A,2783.82,N/A,0,0,0,0
1782320705429,Forge,CAPTURE_OFF,1,World Flythrough,39.58,25.27,11.63,N/A,2783.82,N/A,0,0,0,0
1782320705454,Forge,CAPTURE_OFF,1,World Flythrough,39.62,25.24,11.63,N/A,2783.82,N/A,0,0,0,0
1782320705480,Forge,CAPTURE_OFF,1,World Flythrough,39.93,25.05,11.63,N/A,2783.82,N/A,0,0,0,0
1782320705505,Forge,CAPTURE_OFF,1,World Flythrough,39.10,25.58,11.63,N/A,2783.82,N/A,0,0,0,0
1782320705529,Forge,CAPTURE_OFF,1,World Flythrough,40.62,24.62,11.63,N/A,2783.82,N/A,0,0,0,0
1782320705555,Forge,CAPTURE_OFF,1,World Flythrough,39.40,25.38,11.63,N/A,2783.82,N/A,0,0,0,0
1782320705581,Forge,CAPTURE_OFF,1,World Flythrough,39.01,25.64,11.63,N/A,2783.82,N/A,0,0,0,0
1782320705605,Forge,CAPTURE_OFF,1,World Flythrough,41.64,24.02,11.63,N/A,2783.82,N/A,0,0,0,0
1782320705630,Forge,CAPTURE_OFF,1,World Flythrough,39.76,25.15,11.63,N/A,2783.82,N/A,0,0,0,0
1782320705657,Forge,CAPTURE_OFF,1,World Flythrough,36.57,27.34,11.63,N/A,2783.82,N/A,0,0,0,0
1782320705680,Forge,CAPTURE_OFF,1,World Flythrough,44.04,22.71,11.63,N/A,2783.82,N/A,0,0,0,0
1782320705706,Forge,CAPTURE_OFF,1,World Flythrough,38.06,26.28,11.63,N/A,2783.82,N/A,0,0,0,0
1782320705730,Forge,CAPTURE_OFF,1,World Flythrough,42.01,23.80,11.63,N/A,2783.82,N/A,0,0,0,0
1782320705755,Forge,CAPTURE_OFF,1,World Flythrough,39.59,25.26,11.63,N/A,2783.82,N/A,0,0,0,0
1782320705780,Forge,CAPTURE_OFF,1,World Flythrough,41.18,24.28,11.63,N/A,2783.82,N/A,0,0,0,0
1782320705805,Forge,CAPTURE_OFF,1,World Flythrough,40.01,25.00,11.63,N/A,2783.82,N/A,0,0,0,0
1782320705830,Forge,CAPTURE_OFF,1,World Flythrough,39.90,25.06,11.63,N/A,2783.82,N/A,0,0,0,0
1782320705854,Forge,CAPTURE_OFF,1,World Flythrough,40.49,24.70,11.63,N/A,2783.82,N/A,0,0,0,0
1782320705879,Forge,CAPTURE_OFF,1,World Flythrough,39.73,25.17,11.63,N/A,2783.82,N/A,0,0,0,0
1782320705907,Forge,CAPTURE_OFF,1,World Flythrough,36.44,27.45,11.63,N/A,2783.82,N/A,0,0,0,0
1782320705929,Forge,CAPTURE_OFF,1,World Flythrough,44.19,22.63,11.63,N/A,2783.82,N/A,0,0,0,0
1782320705955,Forge,CAPTURE_OFF,1,World Flythrough,38.75,25.80,11.63,N/A,2783.82,N/A,0,0,0,0
1782320705980,Forge,CAPTURE_OFF,1,World Flythrough,40.60,24.63,11.63,N/A,2783.82,N/A,0,0,0,0
1782320706004,Forge,CAPTURE_OFF,1,World Flythrough,40.61,24.62,11.63,N/A,2783.82,N/A,0,0,0,0
1782320706030,Forge,CAPTURE_OFF,1,World Flythrough,38.65,25.87,11.63,N/A,2783.82,N/A,0,0,0,0
1782320706054,Forge,CAPTURE_OFF,1,World Flythrough,41.83,23.91,11.63,N/A,2783.82,N/A,0,0,0,0
1782320706080,Forge,CAPTURE_OFF,1,World Flythrough,39.69,25.19,11.63,N/A,2783.82,N/A,0,0,0,0
1782320706105,Forge,CAPTURE_OFF,1,World Flythrough,39.72,25.18,11.63,N/A,2783.82,N/A,0,0,0,0
1782320706130,Forge,CAPTURE_OFF,1,World Flythrough,39.70,25.19,11.63,N/A,2783.82,N/A,0,0,0,0
1782320706156,Forge,CAPTURE_OFF,1,World Flythrough,38.80,25.78,11.63,N/A,2783.82,N/A,0,0,0,0
1782320706180,Forge,CAPTURE_OFF,1,World Flythrough,41.60,24.04,11.63,N/A,2783.82,N/A,0,0,0,0
1782320706204,Forge,CAPTURE_OFF,1,World Flythrough,40.51,24.69,11.63,N/A,2783.82,N/A,0,0,0,0
1782320706229,Forge,CAPTURE_OFF,1,World Flythrough,39.72,25.18,11.63,N/A,2783.82,N/A,0,0,0,0
1782320706255,Forge,CAPTURE_OFF,1,World Flythrough,39.37,25.40,11.63,N/A,2783.82,N/A,0,0,0,0
1782320706324,Forge,CAPTURE_OFF,1,World Flythrough,40.29,24.82,9.43,N/A,2994.38,N/A,0,0,0,0
1782320706353,Forge,CAPTURE_OFF,1,World Flythrough,13.73,72.82,9.43,N/A,2994.38,N/A,0,0,0,0
1782320706370,Forge,CAPTURE_OFF,1,World Flythrough,55.37,18.06,9.43,N/A,2994.38,N/A,0,0,0,0
1782320706398,Forge,CAPTURE_OFF,1,World Flythrough,36.58,27.34,9.43,N/A,2994.38,N/A,0,0,0,0
1782320706421,Forge,CAPTURE_OFF,1,World Flythrough,43.91,22.77,9.43,N/A,2994.38,N/A,0,0,0,0
1782320706448,Forge,CAPTURE_OFF,1,World Flythrough,37.19,26.89,9.43,N/A,2994.38,N/A,0,0,0,0
1782320706471,Forge,CAPTURE_OFF,1,World Flythrough,41.92,23.85,9.43,N/A,2994.38,N/A,0,0,0,0
1782320706499,Forge,CAPTURE_OFF,1,World Flythrough,36.65,27.29,9.43,N/A,2994.38,N/A,0,0,0,0
1782320706520,Forge,CAPTURE_OFF,1,World Flythrough,45.60,21.93,9.43,N/A,2994.38,N/A,0,0,0,0
1782320706550,Forge,CAPTURE_OFF,1,World Flythrough,34.70,28.82,9.43,N/A,2994.38,N/A,0,0,0,0
1782320706571,Forge,CAPTURE_OFF,1,World Flythrough,47.00,21.27,9.43,N/A,2994.38,N/A,0,0,0,0
1782320706599,Forge,CAPTURE_OFF,1,World Flythrough,35.82,27.92,9.43,N/A,2994.38,N/A,0,0,0,0
1782320706621,Forge,CAPTURE_OFF,1,World Flythrough,45.33,22.06,9.43,N/A,2994.38,N/A,0,0,0,0
1782320706647,Forge,CAPTURE_OFF,1,World Flythrough,37.74,26.49,9.43,N/A,2994.38,N/A,0,0,0,0
1782320706672,Forge,CAPTURE_OFF,1,World Flythrough,41.06,24.35,9.43,N/A,2994.38,N/A,0,0,0,0
1782320706700,Forge,CAPTURE_OFF,1,World Flythrough,35.05,28.53,9.43,N/A,2994.38,N/A,0,0,0,0
1782320706721,Forge,CAPTURE_OFF,1,World Flythrough,47.30,21.14,9.43,N/A,2994.38,N/A,0,0,0,0
1782320706750,Forge,CAPTURE_OFF,1,World Flythrough,35.55,28.13,9.43,N/A,2994.38,N/A,0,0,0,0
1782320706771,Forge,CAPTURE_OFF,1,World Flythrough,47.57,21.02,9.43,N/A,2994.38,N/A,0,0,0,0
1782320706799,Forge,CAPTURE_OFF,1,World Flythrough,35.46,28.20,9.43,N/A,2994.38,N/A,0,0,0,0
1782320706821,Forge,CAPTURE_OFF,1,World Flythrough,45.28,22.08,9.43,N/A,2994.38,N/A,0,0,0,0
1782320706848,Forge,CAPTURE_OFF,1,World Flythrough,37.05,26.99,9.43,N/A,2994.38,N/A,0,0,0,0
1782320706870,Forge,CAPTURE_OFF,1,World Flythrough,44.08,22.68,9.43,N/A,2994.38,N/A,0,0,0,0
1782320706897,Forge,CAPTURE_OFF,1,World Flythrough,37.04,26.99,9.43,N/A,2994.38,N/A,0,0,0,0
1782320706921,Forge,CAPTURE_OFF,1,World Flythrough,42.49,23.53,9.43,N/A,2994.38,N/A,0,0,0,0
1782320706947,Forge,CAPTURE_OFF,1,World Flythrough,39.13,25.55,9.43,N/A,2994.38,N/A,0,0,0,0
1782320706970,Forge,CAPTURE_OFF,1,World Flythrough,41.94,23.85,9.43,N/A,2994.38,N/A,0,0,0,0
1782320706998,Forge,CAPTURE_OFF,1,World Flythrough,36.06,27.74,9.43,N/A,2994.38,N/A,0,0,0,0
1782320707020,Forge,CAPTURE_OFF,1,World Flythrough,45.41,22.02,9.43,N/A,2994.38,N/A,0,0,0,0
1782320707047,Forge,CAPTURE_OFF,1,World Flythrough,37.51,26.66,9.43,N/A,2994.38,N/A,0,0,0,0
1782320707070,Forge,CAPTURE_OFF,1,World Flythrough,42.66,23.44,9.43,N/A,2994.38,N/A,0,0,0,0
1782320707096,Forge,CAPTURE_OFF,1,World Flythrough,38.51,25.97,9.43,N/A,2994.38,N/A,0,0,0,0
1782320707120,Forge,CAPTURE_OFF,1,World Flythrough,41.75,23.95,9.43,N/A,2994.38,N/A,0,0,0,0
1782320707145,Forge,CAPTURE_OFF,1,World Flythrough,39.90,25.06,9.43,N/A,2994.38,N/A,0,0,0,0
1782320707171,Forge,CAPTURE_OFF,1,World Flythrough,39.05,25.61,9.43,N/A,2994.38,N/A,0,0,0,0
1782320707197,Forge,CAPTURE_OFF,1,World Flythrough,37.95,26.35,9.43,N/A,2994.38,N/A,0,0,0,0
1782320707220,Forge,CAPTURE_OFF,1,World Flythrough,43.75,22.86,9.43,N/A,2994.38,N/A,0,0,0,0
1782320707247,Forge,CAPTURE_OFF,1,World Flythrough,36.38,27.49,9.43,N/A,2994.38,N/A,0,0,0,0
1782320707270,Forge,CAPTURE_OFF,1,World Flythrough,43.81,22.82,9.43,N/A,2994.38,N/A,0,0,0,0
1782320707353,Forge,CAPTURE_OFF,1,World Flythrough,36.49,27.41,14.77,N/A,3395.80,N/A,0,0,0,0
1782320707377,Forge,CAPTURE_OFF,1,World Flythrough,12.59,79.40,14.77,N/A,3395.80,N/A,0,0,0,0
1782320707402,Forge,CAPTURE_OFF,1,World Flythrough,40.29,24.82,14.77,N/A,3395.80,N/A,0,0,0,0
1782320707424,Forge,CAPTURE_OFF,1,World Flythrough,44.29,22.58,14.77,N/A,3395.80,N/A,0,0,0,0
1782320707451,Forge,CAPTURE_OFF,1,World Flythrough,37.39,26.75,14.77,N/A,3395.80,N/A,0,0,0,0
1782320707474,Forge,CAPTURE_OFF,1,World Flythrough,43.54,22.97,14.77,N/A,3395.80,N/A,0,0,0,0
1782320707500,Forge,CAPTURE_OFF,1,World Flythrough,38.58,25.92,14.77,N/A,3395.80,N/A,0,0,0,0
1782320707524,Forge,CAPTURE_OFF,1,World Flythrough,41.35,24.19,14.77,N/A,3395.80,N/A,0,0,0,0
1782320707551,Forge,CAPTURE_OFF,1,World Flythrough,36.96,27.06,14.77,N/A,3395.80,N/A,0,0,0,0
1782320707575,Forge,CAPTURE_OFF,1,World Flythrough,42.96,23.28,14.77,N/A,3395.80,N/A,0,0,0,0
1782320707602,Forge,CAPTURE_OFF,1,World Flythrough,36.18,27.64,14.77,N/A,3395.80,N/A,0,0,0,0
1782320707625,Forge,CAPTURE_OFF,1,World Flythrough,45.34,22.05,14.77,N/A,3395.80,N/A,0,0,0,0
1782320707653,Forge,CAPTURE_OFF,1,World Flythrough,34.96,28.60,14.77,N/A,3395.80,N/A,0,0,0,0
1782320707675,Forge,CAPTURE_OFF,1,World Flythrough,46.29,21.60,14.77,N/A,3395.80,N/A,0,0,0,0
1782320707702,Forge,CAPTURE_OFF,1,World Flythrough,35.99,27.78,14.77,N/A,3395.80,N/A,0,0,0,0
1782320707727,Forge,CAPTURE_OFF,1,World Flythrough,40.37,24.77,14.77,N/A,3395.80,N/A,0,0,0,0
1782320707751,Forge,CAPTURE_OFF,1,World Flythrough,42.08,23.76,14.77,N/A,3395.80,N/A,0,0,0,0
1782320707774,Forge,CAPTURE_OFF,1,World Flythrough,43.24,23.12,14.77,N/A,3395.80,N/A,0,0,0,0
1782320707800,Forge,CAPTURE_OFF,1,World Flythrough,38.88,25.72,14.77,N/A,3395.80,N/A,0,0,0,0
1782320707825,Forge,CAPTURE_OFF,1,World Flythrough,40.60,24.63,14.77,N/A,3395.80,N/A,0,0,0,0
1782320707853,Forge,CAPTURE_OFF,1,World Flythrough,35.12,28.47,14.77,N/A,3395.80,N/A,0,0,0,0
1782320707874,Forge,CAPTURE_OFF,1,World Flythrough,46.97,21.29,14.77,N/A,3395.80,N/A,0,0,0,0
1782320707902,Forge,CAPTURE_OFF,1,World Flythrough,35.83,27.91,14.77,N/A,3395.80,N/A,0,0,0,0
1782320707925,Forge,CAPTURE_OFF,1,World Flythrough,44.23,22.61,14.77,N/A,3395.80,N/A,0,0,0,0
1782320707951,Forge,CAPTURE_OFF,1,World Flythrough,38.60,25.91,14.77,N/A,3395.80,N/A,0,0,0,0
1782320713022,Forge,CAPTURE_ON,1,World Flythrough,45.44,22.01,8.85,N/A,2749.47,N/A,0,0,0,0
1782320713050,Forge,CAPTURE_ON,1,World Flythrough,13.62,73.41,8.85,N/A,2749.47,N/A,0,0,0,0
1782320713070,Forge,CAPTURE_ON,1,World Flythrough,50.38,19.85,8.85,N/A,2749.47,N/A,0,0,0,0
1782320713101,Forge,CAPTURE_ON,1,World Flythrough,32.47,30.80,8.85,N/A,2749.47,N/A,0,0,0,0
1782320713119,Forge,CAPTURE_ON,1,World Flythrough,53.55,18.67,8.85,N/A,2749.47,N/A,0,0,0,0
1782320713150,Forge,CAPTURE_ON,1,World Flythrough,32.66,30.62,8.85,N/A,2749.47,N/A,0,0,0,0
1782320713169,Forge,CAPTURE_ON,1,World Flythrough,51.78,19.31,8.85,N/A,2749.47,N/A,0,0,0,0
1782320713199,Forge,CAPTURE_ON,1,World Flythrough,33.28,30.05,8.85,N/A,2749.47,N/A,0,0,0,0
1782320713219,Forge,CAPTURE_ON,1,World Flythrough,50.53,19.79,8.85,N/A,2749.47,N/A,0,0,0,0
1782320713251,Forge,CAPTURE_ON,1,World Flythrough,31.61,31.63,8.85,N/A,2749.47,N/A,0,0,0,0
1782320713270,Forge,CAPTURE_ON,1,World Flythrough,50.92,19.64,8.85,N/A,2749.47,N/A,0,0,0,0
1782320713301,Forge,CAPTURE_ON,1,World Flythrough,32.78,30.51,8.85,N/A,2749.47,N/A,0,0,0,0
1782320713319,Forge,CAPTURE_ON,1,World Flythrough,54.93,18.21,8.85,N/A,2749.47,N/A,0,0,0,0
1782320713351,Forge,CAPTURE_ON,1,World Flythrough,31.61,31.64,8.85,N/A,2749.47,N/A,0,0,0,0
1782320713369,Forge,CAPTURE_ON,1,World Flythrough,54.20,18.45,8.85,N/A,2749.47,N/A,0,0,0,0
1782320713399,Forge,CAPTURE_ON,1,World Flythrough,33.13,30.18,8.85,N/A,2749.47,N/A,0,0,0,0
1782320713419,Forge,CAPTURE_ON,1,World Flythrough,50.77,19.70,8.85,N/A,2749.47,N/A,0,0,0,0
1782320713450,Forge,CAPTURE_ON,1,World Flythrough,32.45,30.81,8.85,N/A,2749.47,N/A,0,0,0,0
1782320713470,Forge,CAPTURE_ON,1,World Flythrough,50.82,19.68,8.85,N/A,2749.47,N/A,0,0,0,0
1782320713500,Forge,CAPTURE_ON,1,World Flythrough,32.86,30.43,8.85,N/A,2749.47,N/A,0,0,0,0
1782320713519,Forge,CAPTURE_ON,1,World Flythrough,52.34,19.11,8.85,N/A,2749.47,N/A,0,0,0,0
1782320713550,Forge,CAPTURE_ON,1,World Flythrough,31.72,31.53,8.85,N/A,2749.47,N/A,0,0,0,0
1782320713570,Forge,CAPTURE_ON,1,World Flythrough,50.69,19.73,8.85,N/A,2749.47,N/A,0,0,0,0
1782320713600,Forge,CAPTURE_ON,1,World Flythrough,33.31,30.02,8.85,N/A,2749.47,N/A,0,0,0,0
1782320713620,Forge,CAPTURE_ON,1,World Flythrough,51.20,19.53,8.85,N/A,2749.47,N/A,0,0,0,0
1782320713651,Forge,CAPTURE_ON,1,World Flythrough,31.89,31.36,8.85,N/A,2749.47,N/A,0,0,0,0
1782320713671,Forge,CAPTURE_ON,1,World Flythrough,50.07,19.97,8.85,N/A,2749.47,N/A,0,0,0,0
1782320713702,Forge,CAPTURE_ON,1,World Flythrough,32.07,31.18,8.85,N/A,2749.47,N/A,0,0,0,0
1782320713722,Forge,CAPTURE_ON,1,World Flythrough,50.28,19.89,8.85,N/A,2749.47,N/A,0,0,0,0
1782320713752,Forge,CAPTURE_ON,1,World Flythrough,34.08,29.34,8.85,N/A,2749.47,N/A,0,0,0,0
1782320713771,Forge,CAPTURE_ON,1,World Flythrough,52.14,19.18,8.85,N/A,2749.47,N/A,0,0,0,0
1782320713800,Forge,CAPTURE_ON,1,World Flythrough,33.95,29.45,8.85,N/A,2749.47,N/A,0,0,0,0
1782320713820,Forge,CAPTURE_ON,1,World Flythrough,51.73,19.33,8.85,N/A,2749.47,N/A,0,0,0,0
1782320713851,Forge,CAPTURE_ON,1,World Flythrough,32.07,31.18,8.85,N/A,2749.47,N/A,0,0,0,0
1782320713870,Forge,CAPTURE_ON,1,World Flythrough,52.82,18.93,8.85,N/A,2749.47,N/A,0,0,0,0
1782320713945,Forge,CAPTURE_ON,1,World Flythrough,13.25,75.48,8.85,N/A,2749.47,N/A,0,0,0,0
1782320713969,Forge,CAPTURE_ON,1,World Flythrough,42.54,23.51,8.85,N/A,2749.47,N/A,0,0,0,0
1782320714047,Forge,CAPTURE_ON,1,World Flythrough,29.35,34.07,9.74,N/A,3181.47,N/A,0,0,0,0
1782320714069,Forge,CAPTURE_ON,1,World Flythrough,15.19,65.84,9.74,N/A,3181.47,N/A,0,0,0,0
1782320714100,Forge,CAPTURE_ON,1,World Flythrough,31.38,31.87,9.74,N/A,3181.47,N/A,0,0,0,0
1782320714119,Forge,CAPTURE_ON,1,World Flythrough,53.53,18.68,9.74,N/A,3181.47,N/A,0,0,0,0
1782320714150,Forge,CAPTURE_ON,1,World Flythrough,31.94,31.31,9.74,N/A,3181.47,N/A,0,0,0,0
1782320714170,Forge,CAPTURE_ON,1,World Flythrough,50.79,19.69,9.74,N/A,3181.47,N/A,0,0,0,0
1782320714200,Forge,CAPTURE_ON,1,World Flythrough,33.09,30.22,9.74,N/A,3181.47,N/A,0,0,0,0
1782320714219,Forge,CAPTURE_ON,1,World Flythrough,53.84,18.58,9.74,N/A,3181.47,N/A,0,0,0,0
1782320714251,Forge,CAPTURE_ON,1,World Flythrough,31.18,32.08,9.74,N/A,3181.47,N/A,0,0,0,0
1782320714269,Forge,CAPTURE_ON,1,World Flythrough,57.26,17.46,9.74,N/A,3181.47,N/A,0,0,0,0
1782320714300,Forge,CAPTURE_ON,1,World Flythrough,31.26,31.99,9.74,N/A,3181.47,N/A,0,0,0,0
1782320714318,Forge,CAPTURE_ON,1,World Flythrough,55.30,18.08,9.74,N/A,3181.47,N/A,0,0,0,0
1782320714350,Forge,CAPTURE_ON,1,World Flythrough,31.83,31.42,9.74,N/A,3181.47,N/A,0,0,0,0
1782320714370,Forge,CAPTURE_ON,1,World Flythrough,49.49,20.20,9.74,N/A,3181.47,N/A,0,0,0,0
1782320714399,Forge,CAPTURE_ON,1,World Flythrough,34.33,29.13,9.74,N/A,3181.47,N/A,0,0,0,0
1782320714419,Forge,CAPTURE_ON,1,World Flythrough,50.88,19.65,9.74,N/A,3181.47,N/A,0,0,0,0
1782320714450,Forge,CAPTURE_ON,1,World Flythrough,32.18,31.08,9.74,N/A,3181.47,N/A,0,0,0,0
1782320714469,Forge,CAPTURE_ON,1,World Flythrough,52.82,18.93,9.74,N/A,3181.47,N/A,0,0,0,0
1782320714499,Forge,CAPTURE_ON,1,World Flythrough,33.83,29.56,9.74,N/A,3181.47,N/A,0,0,0,0
1782320714518,Forge,CAPTURE_ON,1,World Flythrough,50.96,19.62,9.74,N/A,3181.47,N/A,0,0,0,0
1782320714549,Forge,CAPTURE_ON,1,World Flythrough,33.00,30.30,9.74,N/A,3181.47,N/A,0,0,0,0
1782320714569,Forge,CAPTURE_ON,1,World Flythrough,50.10,19.96,9.74,N/A,3181.47,N/A,0,0,0,0
1782320714599,Forge,CAPTURE_ON,1,World Flythrough,32.75,30.54,9.74,N/A,3181.47,N/A,0,0,0,0
1782320714618,Forge,CAPTURE_ON,1,World Flythrough,51.42,19.45,9.74,N/A,3181.47,N/A,0,0,0,0
1782320714649,Forge,CAPTURE_ON,1,World Flythrough,33.05,30.26,9.74,N/A,3181.47,N/A,0,0,0,0
1782320714668,Forge,CAPTURE_ON,1,World Flythrough,50.30,19.88,9.74,N/A,3181.47,N/A,0,0,0,0
1782320714699,Forge,CAPTURE_ON,1,World Flythrough,32.43,30.83,9.74,N/A,3181.47,N/A,0,0,0,0
1782320714718,Forge,CAPTURE_ON,1,World Flythrough,52.26,19.14,9.74,N/A,3181.47,N/A,0,0,0,0
1782320714749,Forge,CAPTURE_ON,1,World Flythrough,32.65,30.63,9.74,N/A,3181.47,N/A,0,0,0,0
1782320714770,Forge,CAPTURE_ON,1,World Flythrough,49.56,20.18,9.74,N/A,3181.47,N/A,0,0,0,0
1782320714799,Forge,CAPTURE_ON,1,World Flythrough,33.80,29.59,9.74,N/A,3181.47,N/A,0,0,0,0
1782320714818,Forge,CAPTURE_ON,1,World Flythrough,52.45,19.07,9.74,N/A,3181.47,N/A,0,0,0,0
1782320714849,Forge,CAPTURE_ON,1,World Flythrough,32.19,31.06,9.74,N/A,3181.47,N/A,0,0,0,0
1782320714868,Forge,CAPTURE_ON,1,World Flythrough,53.03,18.86,9.74,N/A,3181.47,N/A,0,0,0,0
1782320714899,Forge,CAPTURE_ON,1,World Flythrough,31.69,31.56,9.74,N/A,3181.47,N/A,0,0,0,0
1782320714919,Forge,CAPTURE_ON,1,World Flythrough,49.87,20.05,9.74,N/A,3181.47,N/A,0,0,0,0
1782320714949,Forge,CAPTURE_ON,1,World Flythrough,33.80,29.58,9.74,N/A,3181.47,N/A,0,0,0,0
1782320714969,Forge,CAPTURE_ON,1,World Flythrough,50.48,19.81,9.74,N/A,3181.47,N/A,0,0,0,0
1782320714999,Forge,CAPTURE_ON,1,World Flythrough,33.34,30.00,9.74,N/A,3181.47,N/A,0,0,0,0
1782320715062,Forge,CAPTURE_ON,1,World Flythrough,47.51,21.05,9.82,N/A,3405.48,N/A,0,0,0,0
1782320715085,Forge,CAPTURE_ON,1,World Flythrough,15.44,64.76,9.82,N/A,3405.48,N/A,0,0,0,0
1782320715109,Forge,CAPTURE_ON,1,World Flythrough,41.16,24.29,9.82,N/A,3405.48,N/A,0,0,0,0
1782320715134,Forge,CAPTURE_ON,1,World Flythrough,40.46,24.72,9.82,N/A,3405.48,N/A,0,0,0,0
1782320715160,Forge,CAPTURE_ON,1,World Flythrough,37.63,26.57,9.82,N/A,3405.48,N/A,0,0,0,0
1782320715184,Forge,CAPTURE_ON,1,World Flythrough,41.74,23.96,9.82,N/A,3405.48,N/A,0,0,0,0
1782320715210,Forge,CAPTURE_ON,1,World Flythrough,38.79,25.78,9.82,N/A,3405.48,N/A,0,0,0,0
1782320715234,Forge,CAPTURE_ON,1,World Flythrough,41.06,24.35,9.82,N/A,3405.48,N/A,0,0,0,0
1782320715260,Forge,CAPTURE_ON,1,World Flythrough,39.68,25.20,9.82,N/A,3405.48,N/A,0,0,0,0
1782320715284,Forge,CAPTURE_ON,1,World Flythrough,40.75,24.54,9.82,N/A,3405.48,N/A,0,0,0,0
1782320715309,Forge,CAPTURE_ON,1,World Flythrough,39.84,25.10,9.82,N/A,3405.48,N/A,0,0,0,0
1782320715334,Forge,CAPTURE_ON,1,World Flythrough,40.62,24.62,9.82,N/A,3405.48,N/A,0,0,0,0
1782320715360,Forge,CAPTURE_ON,1,World Flythrough,38.06,26.28,9.82,N/A,3405.48,N/A,0,0,0,0
1782320715384,Forge,CAPTURE_ON,1,World Flythrough,41.82,23.91,9.82,N/A,3405.48,N/A,0,0,0,0
1782320715414,Forge,CAPTURE_ON,1,World Flythrough,33.56,29.79,9.82,N/A,3405.48,N/A,0,0,0,0
1782320715434,Forge,CAPTURE_ON,1,World Flythrough,50.09,19.97,9.82,N/A,3405.48,N/A,0,0,0,0
1782320715460,Forge,CAPTURE_ON,1,World Flythrough,38.76,25.80,9.82,N/A,3405.48,N/A,0,0,0,0
1782320715484,Forge,CAPTURE_ON,1,World Flythrough,40.64,24.61,9.82,N/A,3405.48,N/A,0,0,0,0
1782320715510,Forge,CAPTURE_ON,1,World Flythrough,39.90,25.06,9.82,N/A,3405.48,N/A,0,0,0,0
1782320715534,Forge,CAPTURE_ON,1,World Flythrough,40.42,24.74,9.82,N/A,3405.48,N/A,0,0,0,0
1782320715560,Forge,CAPTURE_ON,1,World Flythrough,39.39,25.39,9.82,N/A,3405.48,N/A,0,0,0,0
1782320715584,Forge,CAPTURE_ON,1,World Flythrough,41.08,24.34,9.82,N/A,3405.48,N/A,0,0,0,0
1782320715610,Forge,CAPTURE_ON,1,World Flythrough,38.54,25.95,9.82,N/A,3405.48,N/A,0,0,0,0
1782320715635,Forge,CAPTURE_ON,1,World Flythrough,39.96,25.02,9.82,N/A,3405.48,N/A,0,0,0,0
1782320715663,Forge,CAPTURE_ON,1,World Flythrough,35.78,27.95,9.82,N/A,3405.48,N/A,0,0,0,0
1782320715695,Forge,CAPTURE_ON,1,World Flythrough,30.89,32.37,9.82,N/A,3405.48,N/A,0,0,0,0
1782320715717,Forge,CAPTURE_ON,1,World Flythrough,46.34,21.58,9.82,N/A,3405.48,N/A,0,0,0,0
1782320715736,Forge,CAPTURE_ON,1,World Flythrough,50.72,19.72,9.82,N/A,3405.48,N/A,0,0,0,0
1782320715760,Forge,CAPTURE_ON,1,World Flythrough,41.62,24.03,9.82,N/A,3405.48,N/A,0,0,0,0
1782320715784,Forge,CAPTURE_ON,1,World Flythrough,42.09,23.76,9.82,N/A,3405.48,N/A,0,0,0,0
1782320715810,Forge,CAPTURE_ON,1,World Flythrough,37.84,26.42,9.82,N/A,3405.48,N/A,0,0,0,0
1782320715834,Forge,CAPTURE_ON,1,World Flythrough,43.26,23.11,9.82,N/A,3405.48,N/A,0,0,0,0
1782320715859,Forge,CAPTURE_ON,1,World Flythrough,38.92,25.70,9.82,N/A,3405.48,N/A,0,0,0,0
1782320715884,Forge,CAPTURE_ON,1,World Flythrough,39.54,25.29,9.82,N/A,3405.48,N/A,0,0,0,0
1782320715910,Forge,CAPTURE_ON,1,World Flythrough,38.98,25.66,9.82,N/A,3405.48,N/A,0,0,0,0
1782320715934,Forge,CAPTURE_ON,1,World Flythrough,41.67,24.00,9.82,N/A,3405.48,N/A,0,0,0,0
1782320715961,Forge,CAPTURE_ON,1,World Flythrough,37.56,26.62,9.82,N/A,3405.48,N/A,0,0,0,0
1782320715985,Forge,CAPTURE_ON,1,World Flythrough,41.67,24.00,9.82,N/A,3405.48,N/A,0,0,0,0
1782320716014,Forge,CAPTURE_ON,1,World Flythrough,33.68,29.69,9.82,N/A,3405.48,N/A,0,0,0,0
1782320716079,Forge,CAPTURE_ON,1,World Flythrough,49.04,20.39,9.08,N/A,3796.07,N/A,0,0,0,0
1782320716109,Forge,CAPTURE_ON,1,World Flythrough,13.48,74.18,9.08,N/A,3796.07,N/A,0,0,0,0
1782320716134,Forge,CAPTURE_ON,1,World Flythrough,40.11,24.93,9.08,N/A,3796.07,N/A,0,0,0,0
1782320716161,Forge,CAPTURE_ON,1,World Flythrough,37.44,26.71,9.08,N/A,3796.07,N/A,0,0,0,0
1782320716184,Forge,CAPTURE_ON,1,World Flythrough,42.94,23.29,9.08,N/A,3796.07,N/A,0,0,0,0
1782320716209,Forge,CAPTURE_ON,1,World Flythrough,39.89,25.07,9.08,N/A,3796.07,N/A,0,0,0,0
1782320716234,Forge,CAPTURE_ON,1,World Flythrough,40.45,24.72,9.08,N/A,3796.07,N/A,0,0,0,0
1782320716259,Forge,CAPTURE_ON,1,World Flythrough,39.32,25.43,9.08,N/A,3796.07,N/A,0,0,0,0
1782320716285,Forge,CAPTURE_ON,1,World Flythrough,38.81,25.76,9.08,N/A,3796.07,N/A,0,0,0,0
1782320716309,Forge,CAPTURE_ON,1,World Flythrough,41.06,24.36,9.08,N/A,3796.07,N/A,0,0,0,0
1782320716334,Forge,CAPTURE_ON,1,World Flythrough,40.96,24.41,9.08,N/A,3796.07,N/A,0,0,0,0
1782320716359,Forge,CAPTURE_ON,1,World Flythrough,40.46,24.72,9.08,N/A,3796.07,N/A,0,0,0,0
1782320716384,Forge,CAPTURE_ON,1,World Flythrough,39.17,25.53,9.08,N/A,3796.07,N/A,0,0,0,0
1782320716409,Forge,CAPTURE_ON,1,World Flythrough,40.60,24.63,9.08,N/A,3796.07,N/A,0,0,0,0
1782320716435,Forge,CAPTURE_ON,1,World Flythrough,38.99,25.65,9.08,N/A,3796.07,N/A,0,0,0,0
1782320716459,Forge,CAPTURE_ON,1,World Flythrough,40.53,24.67,9.08,N/A,3796.07,N/A,0,0,0,0
1782320716484,Forge,CAPTURE_ON,1,World Flythrough,40.53,24.67,9.08,N/A,3796.07,N/A,0,0,0,0
1782320716509,Forge,CAPTURE_ON,1,World Flythrough,40.44,24.73,9.08,N/A,3796.07,N/A,0,0,0,0
1782320716534,Forge,CAPTURE_ON,1,World Flythrough,39.70,25.19,9.08,N/A,3796.07,N/A,0,0,0,0
1782320716559,Forge,CAPTURE_ON,1,World Flythrough,40.18,24.89,9.08,N/A,3796.07,N/A,0,0,0,0
1782320716584,Forge,CAPTURE_ON,1,World Flythrough,40.07,24.96,9.08,N/A,3796.07,N/A,0,0,0,0
1782320716608,Forge,CAPTURE_ON,1,World Flythrough,40.57,24.65,9.08,N/A,3796.07,N/A,0,0,0,0
1782320716634,Forge,CAPTURE_ON,1,World Flythrough,38.71,25.84,9.08,N/A,3796.07,N/A,0,0,0,0
1782320716659,Forge,CAPTURE_ON,1,World Flythrough,39.43,25.36,9.08,N/A,3796.07,N/A,0,0,0,0
1782320716684,Forge,CAPTURE_ON,1,World Flythrough,40.54,24.66,9.08,N/A,3796.07,N/A,0,0,0,0
1782320716709,Forge,CAPTURE_ON,1,World Flythrough,40.32,24.80,9.08,N/A,3796.07,N/A,0,0,0,0
1782320716734,Forge,CAPTURE_ON,1,World Flythrough,39.84,25.10,9.08,N/A,3796.07,N/A,0,0,0,0
1782320716759,Forge,CAPTURE_ON,1,World Flythrough,39.95,25.03,9.08,N/A,3796.07,N/A,0,0,0,0
1782320716784,Forge,CAPTURE_ON,1,World Flythrough,39.80,25.13,9.08,N/A,3796.07,N/A,0,0,0,0
1782320716809,Forge,CAPTURE_ON,1,World Flythrough,40.18,24.89,9.08,N/A,3796.07,N/A,0,0,0,0
1782320716834,Forge,CAPTURE_ON,1,World Flythrough,39.93,25.04,9.08,N/A,3796.07,N/A,0,0,0,0
1782320716859,Forge,CAPTURE_ON,1,World Flythrough,39.72,25.18,9.08,N/A,3796.07,N/A,0,0,0,0
1782320716884,Forge,CAPTURE_ON,1,World Flythrough,40.67,24.59,9.08,N/A,3796.07,N/A,0,0,0,0
1782320716909,Forge,CAPTURE_ON,1,World Flythrough,39.77,25.14,9.08,N/A,3796.07,N/A,0,0,0,0
1782320716934,Forge,CAPTURE_ON,1,World Flythrough,40.17,24.89,9.08,N/A,3796.07,N/A,0,0,0,0
1782320716959,Forge,CAPTURE_ON,1,World Flythrough,40.23,24.86,9.08,N/A,3796.07,N/A,0,0,0,0
1782320716984,Forge,CAPTURE_ON,1,World Flythrough,39.64,25.23,9.08,N/A,3796.07,N/A,0,0,0,0
1782320717009,Forge,CAPTURE_ON,1,World Flythrough,39.55,25.29,9.08,N/A,3796.07,N/A,0,0,0,0
1782320717033,Forge,CAPTURE_ON,1,World Flythrough,41.06,24.35,9.08,N/A,3796.07,N/A,0,0,0,0
1782320717097,Forge,CAPTURE_ON,1,World Flythrough,38.62,25.89,13.20,N/A,4365.47,N/A,0,0,0,0
1782320717118,Forge,CAPTURE_ON,1,World Flythrough,16.99,58.87,13.20,N/A,4365.47,N/A,0,0,0,0
1782320717149,Forge,CAPTURE_ON,1,World Flythrough,32.48,30.79,13.20,N/A,4365.47,N/A,0,0,0,0
1782320717169,Forge,CAPTURE_ON,1,World Flythrough,51.08,19.58,13.20,N/A,4365.47,N/A,0,0,0,0
1782320717199,Forge,CAPTURE_ON,1,World Flythrough,33.31,30.02,13.20,N/A,4365.47,N/A,0,0,0,0
1782320717219,Forge,CAPTURE_ON,1,World Flythrough,50.09,19.97,13.20,N/A,4365.47,N/A,0,0,0,0
1782320717249,Forge,CAPTURE_ON,1,World Flythrough,33.51,29.84,13.20,N/A,4365.47,N/A,0,0,0,0
1782320717269,Forge,CAPTURE_ON,1,World Flythrough,49.56,20.18,13.20,N/A,4365.47,N/A,0,0,0,0
1782320717299,Forge,CAPTURE_ON,1,World Flythrough,32.68,30.60,13.20,N/A,4365.47,N/A,0,0,0,0
1782320717318,Forge,CAPTURE_ON,1,World Flythrough,52.76,18.96,13.20,N/A,4365.47,N/A,0,0,0,0
1782320717351,Forge,CAPTURE_ON,1,World Flythrough,30.50,32.78,13.20,N/A,4365.47,N/A,0,0,0,0
1782320717371,Forge,CAPTURE_ON,1,World Flythrough,49.46,20.22,13.20,N/A,4365.47,N/A,0,0,0,0
1782320717400,Forge,CAPTURE_ON,1,World Flythrough,35.03,28.55,13.20,N/A,4365.47,N/A,0,0,0,0
1782320717419,Forge,CAPTURE_ON,1,World Flythrough,51.80,19.31,13.20,N/A,4365.47,N/A,0,0,0,0
1782320717454,Forge,CAPTURE_ON,1,World Flythrough,28.56,35.02,13.20,N/A,4365.47,N/A,0,0,0,0
1782320717470,Forge,CAPTURE_ON,1,World Flythrough,61.64,16.22,13.20,N/A,4365.47,N/A,0,0,0,0
1782320717506,Forge,CAPTURE_ON,1,World Flythrough,28.10,35.59,13.20,N/A,4365.47,N/A,0,0,0,0
1782320717527,Forge,CAPTURE_ON,1,World Flythrough,47.12,21.22,13.20,N/A,4365.47,N/A,0,0,0,0
1782320717554,Forge,CAPTURE_ON,1,World Flythrough,37.70,26.53,13.20,N/A,4365.47,N/A,0,0,0,0
1782320717577,Forge,CAPTURE_ON,1,World Flythrough,41.47,24.12,13.20,N/A,4365.47,N/A,0,0,0,0
1782320717605,Forge,CAPTURE_ON,1,World Flythrough,36.61,27.31,13.20,N/A,4365.47,N/A,0,0,0,0
1782320717627,Forge,CAPTURE_ON,1,World Flythrough,44.56,22.44,13.20,N/A,4365.47,N/A,0,0,0,0
1782320717657,Forge,CAPTURE_ON,1,World Flythrough,33.36,29.98,13.20,N/A,4365.47,N/A,0,0,0,0
1782320717679,Forge,CAPTURE_ON,1,World Flythrough,45.24,22.11,13.20,N/A,4365.47,N/A,0,0,0,0
1782320717706,Forge,CAPTURE_ON,1,World Flythrough,37.36,26.76,13.20,N/A,4365.47,N/A,0,0,0,0
1782320717727,Forge,CAPTURE_ON,1,World Flythrough,47.78,20.93,13.20,N/A,4365.47,N/A,0,0,0,0
1782320717756,Forge,CAPTURE_ON,1,World Flythrough,34.98,28.59,13.20,N/A,4365.47,N/A,0,0,0,0
1782320717777,Forge,CAPTURE_ON,1,World Flythrough,48.32,20.70,13.20,N/A,4365.47,N/A,0,0,0,0
1782320717804,Forge,CAPTURE_ON,1,World Flythrough,36.88,27.12,13.20,N/A,4365.47,N/A,0,0,0,0
1782320717827,Forge,CAPTURE_ON,1,World Flythrough,42.46,23.55,13.20,N/A,4365.47,N/A,0,0,0,0
1782320717853,Forge,CAPTURE_ON,1,World Flythrough,39.30,25.45,13.20,N/A,4365.47,N/A,0,0,0,0
1782320717876,Forge,CAPTURE_ON,1,World Flythrough,42.58,23.49,13.20,N/A,4365.47,N/A,0,0,0,0
1782320717903,Forge,CAPTURE_ON,1,World Flythrough,36.87,27.12,13.20,N/A,4365.47,N/A,0,0,0,0
1782320717926,Forge,CAPTURE_ON,1,World Flythrough,43.52,22.98,13.20,N/A,4365.47,N/A,0,0,0,0
1782320717954,Forge,CAPTURE_ON,1,World Flythrough,35.92,27.84,13.20,N/A,4365.47,N/A,0,0,0,0
1782320717977,Forge,CAPTURE_ON,1,World Flythrough,44.79,22.33,13.20,N/A,4365.47,N/A,0,0,0,0
1782320718004,Forge,CAPTURE_ON,1,World Flythrough,36.21,27.61,13.20,N/A,4365.47,N/A,0,0,0,0
1782320718028,Forge,CAPTURE_ON,1,World Flythrough,42.97,23.27,13.20,N/A,4365.47,N/A,0,0,0,0
1782320718054,Forge,CAPTURE_ON,1,World Flythrough,37.72,26.51,13.20,N/A,4365.47,N/A,0,0,0,0
1782320718118,Forge,CAPTURE_ON,1,World Flythrough,43.01,23.25,8.23,N/A,4581.48,N/A,0,0,0,0
1782320718145,Forge,CAPTURE_ON,1,World Flythrough,14.76,67.77,8.23,N/A,4581.48,N/A,0,0,0,0
1782320718165,Forge,CAPTURE_ON,1,World Flythrough,50.02,19.99,8.23,N/A,4581.48,N/A,0,0,0,0
1782320718195,Forge,CAPTURE_ON,1,World Flythrough,33.36,29.97,8.23,N/A,4581.48,N/A,0,0,0,0
1782320718215,Forge,CAPTURE_ON,1,World Flythrough,49.80,20.08,8.23,N/A,4581.48,N/A,0,0,0,0
1782320718245,Forge,CAPTURE_ON,1,World Flythrough,33.33,30.00,8.23,N/A,4581.48,N/A,0,0,0,0
1782320718265,Forge,CAPTURE_ON,1,World Flythrough,49.65,20.14,8.23,N/A,4581.48,N/A,0,0,0,0
1782320718295,Forge,CAPTURE_ON,1,World Flythrough,33.35,29.98,8.23,N/A,4581.48,N/A,0,0,0,0
1782320718315,Forge,CAPTURE_ON,1,World Flythrough,50.67,19.74,8.23,N/A,4581.48,N/A,0,0,0,0
1782320718345,Forge,CAPTURE_ON,1,World Flythrough,32.83,30.46,8.23,N/A,4581.48,N/A,0,0,0,0
1782320718365,Forge,CAPTURE_ON,1,World Flythrough,50.78,19.69,8.23,N/A,4581.48,N/A,0,0,0,0
1782320718395,Forge,CAPTURE_ON,1,World Flythrough,33.38,29.96,8.23,N/A,4581.48,N/A,0,0,0,0
1782320718415,Forge,CAPTURE_ON,1,World Flythrough,51.03,19.60,8.23,N/A,4581.48,N/A,0,0,0,0
1782320718444,Forge,CAPTURE_ON,1,World Flythrough,33.12,30.19,8.23,N/A,4581.48,N/A,0,0,0,0
1782320718466,Forge,CAPTURE_ON,1,World Flythrough,47.83,20.91,8.23,N/A,4581.48,N/A,0,0,0,0
1782320718495,Forge,CAPTURE_ON,1,World Flythrough,33.69,29.68,8.23,N/A,4581.48,N/A,0,0,0,0
1782320718516,Forge,CAPTURE_ON,1,World Flythrough,49.13,20.36,8.23,N/A,4581.48,N/A,0,0,0,0
1782320718546,Forge,CAPTURE_ON,1,World Flythrough,33.34,29.99,8.23,N/A,4581.48,N/A,0,0,0,0
1782320718564,Forge,CAPTURE_ON,1,World Flythrough,53.29,18.76,8.23,N/A,4581.48,N/A,0,0,0,0
1782320718595,Forge,CAPTURE_ON,1,World Flythrough,32.64,30.64,8.23,N/A,4581.48,N/A,0,0,0,0
1782320718615,Forge,CAPTURE_ON,1,World Flythrough,49.78,20.09,8.23,N/A,4581.48,N/A,0,0,0,0
1782320718646,Forge,CAPTURE_ON,1,World Flythrough,31.94,31.30,8.23,N/A,4581.48,N/A,0,0,0,0
1782320718665,Forge,CAPTURE_ON,1,World Flythrough,52.28,19.13,8.23,N/A,4581.48,N/A,0,0,0,0
1782320718696,Forge,CAPTURE_ON,1,World Flythrough,32.67,30.61,8.23,N/A,4581.48,N/A,0,0,0,0
1782320718715,Forge,CAPTURE_ON,1,World Flythrough,54.10,18.48,8.23,N/A,4581.48,N/A,0,0,0,0
1782320718762,Forge,CAPTURE_ON,1,World Flythrough,21.13,47.33,8.23,N/A,4581.48,N/A,0,0,0,0
1782320718778,Forge,CAPTURE_ON,1,World Flythrough,63.80,15.67,8.23,N/A,4581.48,N/A,0,0,0,0
1782320718812,Forge,CAPTURE_ON,1,World Flythrough,29.57,33.82,8.23,N/A,4581.48,N/A,0,0,0,0
1782320718841,Forge,CAPTURE_ON,1,World Flythrough,33.63,29.74,8.23,N/A,4581.48,N/A,0,0,0,0
1782320718861,Forge,CAPTURE_ON,1,World Flythrough,49.83,20.07,8.23,N/A,4581.48,N/A,0,0,0,0
1782320718891,Forge,CAPTURE_ON,1,World Flythrough,33.92,29.48,8.23,N/A,4581.48,N/A,0,0,0,0
1782320718911,Forge,CAPTURE_ON,1,World Flythrough,49.72,20.11,8.23,N/A,4581.48,N/A,0,0,0,0
1782320718941,Forge,CAPTURE_ON,1,World Flythrough,32.90,30.39,8.23,N/A,4581.48,N/A,0,0,0,0
1782320718962,Forge,CAPTURE_ON,1,World Flythrough,48.92,20.44,8.23,N/A,4581.48,N/A,0,0,0,0
1782320718992,Forge,CAPTURE_ON,1,World Flythrough,33.05,30.26,8.23,N/A,4581.48,N/A,0,0,0,0
1782320719012,Forge,CAPTURE_ON,1,World Flythrough,48.80,20.49,8.23,N/A,4581.48,N/A,0,0,0,0
1782320719043,Forge,CAPTURE_ON,1,World Flythrough,32.35,30.91,8.23,N/A,4581.48,N/A,0,0,0,0
1782320719062,Forge,CAPTURE_ON,1,World Flythrough,52.93,18.89,8.23,N/A,4581.48,N/A,0,0,0,0
1782320719134,Forge,CAPTURE_ON,1,World Flythrough,32.47,30.80,7.32,N/A,2911.22,N/A,0,0,0,0
1782320719156,Forge,CAPTURE_ON,1,World Flythrough,15.88,62.96,7.32,N/A,2911.22,N/A,0,0,0,0
1782320719180,Forge,CAPTURE_ON,1,World Flythrough,40.58,24.64,7.32,N/A,2911.22,N/A,0,0,0,0
1782320719207,Forge,CAPTURE_ON,1,World Flythrough,38.72,25.83,7.32,N/A,2911.22,N/A,0,0,0,0
1782320719231,Forge,CAPTURE_ON,1,World Flythrough,41.35,24.18,7.32,N/A,2911.22,N/A,0,0,0,0
1782320719257,Forge,CAPTURE_ON,1,World Flythrough,37.96,26.35,7.32,N/A,2911.22,N/A,0,0,0,0
1782320719281,Forge,CAPTURE_ON,1,World Flythrough,42.31,23.63,7.32,N/A,2911.22,N/A,0,0,0,0
1782320719306,Forge,CAPTURE_ON,1,World Flythrough,40.06,24.96,7.32,N/A,2911.22,N/A,0,0,0,0
1782320719333,Forge,CAPTURE_ON,1,World Flythrough,37.13,26.93,7.32,N/A,2911.22,N/A,0,0,0,0
1782320719356,Forge,CAPTURE_ON,1,World Flythrough,43.73,22.87,7.32,N/A,2911.22,N/A,0,0,0,0
1782320719383,Forge,CAPTURE_ON,1,World Flythrough,37.04,27.00,7.32,N/A,2911.22,N/A,0,0,0,0
1782320719412,Forge,CAPTURE_ON,1,World Flythrough,33.92,29.48,7.32,N/A,2911.22,N/A,0,0,0,0
1782320719431,Forge,CAPTURE_ON,1,World Flythrough,51.67,19.35,7.32,N/A,2911.22,N/A,0,0,0,0
1782320719456,Forge,CAPTURE_ON,1,World Flythrough,39.71,25.18,7.32,N/A,2911.22,N/A,0,0,0,0
1782320719480,Forge,CAPTURE_ON,1,World Flythrough,40.88,24.46,7.32,N/A,2911.22,N/A,0,0,0,0
1782320719506,Forge,CAPTURE_ON,1,World Flythrough,40.40,24.75,7.32,N/A,2911.22,N/A,0,0,0,0
1782320719530,Forge,CAPTURE_ON,1,World Flythrough,40.51,24.68,7.32,N/A,2911.22,N/A,0,0,0,0
1782320719555,Forge,CAPTURE_ON,1,World Flythrough,39.91,25.06,7.32,N/A,2911.22,N/A,0,0,0,0
1782320719580,Forge,CAPTURE_ON,1,World Flythrough,39.47,25.33,7.32,N/A,2911.22,N/A,0,0,0,0
1782320719606,Forge,CAPTURE_ON,1,World Flythrough,40.10,24.94,7.32,N/A,2911.22,N/A,0,0,0,0
1782320719631,Forge,CAPTURE_ON,1,World Flythrough,40.25,24.85,7.32,N/A,2911.22,N/A,0,0,0,0
1782320719656,Forge,CAPTURE_ON,1,World Flythrough,39.48,25.33,7.32,N/A,2911.22,N/A,0,0,0,0
1782320719681,Forge,CAPTURE_ON,1,World Flythrough,39.93,25.05,7.32,N/A,2911.22,N/A,0,0,0,0
1782320719705,Forge,CAPTURE_ON,1,World Flythrough,41.12,24.32,7.32,N/A,2911.22,N/A,0,0,0,0
1782320719733,Forge,CAPTURE_ON,1,World Flythrough,35.04,28.54,7.32,N/A,2911.22,N/A,0,0,0,0
1782320719765,Forge,CAPTURE_ON,1,World Flythrough,32.12,31.13,7.32,N/A,2911.22,N/A,0,0,0,0
1782320719800,Forge,CAPTURE_ON,1,World Flythrough,28.86,34.65,7.32,N/A,2911.22,N/A,0,0,0,0
1782320719817,Forge,CAPTURE_ON,1,World Flythrough,58.79,17.01,7.32,N/A,2911.22,N/A,0,0,0,0
1782320719845,Forge,CAPTURE_ON,1,World Flythrough,35.17,28.43,7.32,N/A,2911.22,N/A,0,0,0,0
1782320719866,Forge,CAPTURE_ON,1,World Flythrough,46.56,21.48,7.32,N/A,2911.22,N/A,0,0,0,0
1782320719894,Forge,CAPTURE_ON,1,World Flythrough,35.44,28.21,7.32,N/A,2911.22,N/A,0,0,0,0
1782320719914,Forge,CAPTURE_ON,1,World Flythrough,51.41,19.45,7.32,N/A,2911.22,N/A,0,0,0,0
1782320719950,Forge,CAPTURE_ON,1,World Flythrough,27.73,36.06,7.32,N/A,2911.22,N/A,0,0,0,0
1782320719964,Forge,CAPTURE_ON,1,World Flythrough,73.84,13.54,7.32,N/A,2911.22,N/A,0,0,0,0
1782320719999,Forge,CAPTURE_ON,1,World Flythrough,28.08,35.62,7.32,N/A,2911.22,N/A,0,0,0,0
1782320720022,Forge,CAPTURE_ON,1,World Flythrough,44.98,22.23,7.32,N/A,2911.22,N/A,0,0,0,0
1782320720048,Forge,CAPTURE_ON,1,World Flythrough,37.40,26.74,7.32,N/A,2911.22,N/A,0,0,0,0
1782320720072,Forge,CAPTURE_ON,1,World Flythrough,42.69,23.43,7.32,N/A,2911.22,N/A,0,0,0,0
1782320720139,Forge,CAPTURE_ON,1,World Flythrough,35.71,28.00,12.86,N/A,3665.08,N/A,0,0,0,0
1782320720163,Forge,CAPTURE_ON,1,World Flythrough,15.91,62.85,12.86,N/A,3665.08,N/A,0,0,0,0
1782320720185,Forge,CAPTURE_ON,1,World Flythrough,45.13,22.16,12.86,N/A,3665.08,N/A,0,0,0,0
1782320720211,Forge,CAPTURE_ON,1,World Flythrough,37.52,26.65,12.86,N/A,3665.08,N/A,0,0,0,0
1782320720236,Forge,CAPTURE_ON,1,World Flythrough,41.23,24.25,12.86,N/A,3665.08,N/A,0,0,0,0
1782320720260,Forge,CAPTURE_ON,1,World Flythrough,41.38,24.17,12.86,N/A,3665.08,N/A,0,0,0,0
1782320720285,Forge,CAPTURE_ON,1,World Flythrough,40.36,24.78,12.86,N/A,3665.08,N/A,0,0,0,0
1782320720310,Forge,CAPTURE_ON,1,World Flythrough,40.17,24.89,12.86,N/A,3665.08,N/A,0,0,0,0
1782320720334,Forge,CAPTURE_ON,1,World Flythrough,40.51,24.69,12.86,N/A,3665.08,N/A,0,0,0,0
1782320720360,Forge,CAPTURE_ON,1,World Flythrough,38.50,25.97,12.86,N/A,3665.08,N/A,0,0,0,0
1782320720386,Forge,CAPTURE_ON,1,World Flythrough,39.34,25.42,12.86,N/A,3665.08,N/A,0,0,0,0
1782320720411,Forge,CAPTURE_ON,1,World Flythrough,38.77,25.79,12.86,N/A,3665.08,N/A,0,0,0,0
1782320720435,Forge,CAPTURE_ON,1,World Flythrough,41.82,23.91,12.86,N/A,3665.08,N/A,0,0,0,0
1782320720460,Forge,CAPTURE_ON,1,World Flythrough,40.04,24.97,12.86,N/A,3665.08,N/A,0,0,0,0
1782320720485,Forge,CAPTURE_ON,1,World Flythrough,39.97,25.02,12.86,N/A,3665.08,N/A,0,0,0,0
1782320720510,Forge,CAPTURE_ON,1,World Flythrough,40.76,24.54,12.86,N/A,3665.08,N/A,0,0,0,0
1782320720535,Forge,CAPTURE_ON,1,World Flythrough,40.41,24.75,12.86,N/A,3665.08,N/A,0,0,0,0
1782320720560,Forge,CAPTURE_ON,1,World Flythrough,39.74,25.16,12.86,N/A,3665.08,N/A,0,0,0,0
1782320720585,Forge,CAPTURE_ON,1,World Flythrough,39.60,25.25,12.86,N/A,3665.08,N/A,0,0,0,0
1782320720609,Forge,CAPTURE_ON,1,World Flythrough,40.55,24.66,12.86,N/A,3665.08,N/A,0,0,0,0
1782320720635,Forge,CAPTURE_ON,1,World Flythrough,39.07,25.60,12.86,N/A,3665.08,N/A,0,0,0,0
1782320720660,Forge,CAPTURE_ON,1,World Flythrough,40.81,24.50,12.86,N/A,3665.08,N/A,0,0,0,0
1782320720685,Forge,CAPTURE_ON,1,World Flythrough,39.87,25.08,12.86,N/A,3665.08,N/A,0,0,0,0
1782320720710,Forge,CAPTURE_ON,1,World Flythrough,39.93,25.04,12.86,N/A,3665.08,N/A,0,0,0,0
1782320720735,Forge,CAPTURE_ON,1,World Flythrough,38.91,25.70,12.86,N/A,3665.08,N/A,0,0,0,0
1782320720760,Forge,CAPTURE_ON,1,World Flythrough,41.18,24.28,12.86,N/A,3665.08,N/A,0,0,0,0
1782320720785,Forge,CAPTURE_ON,1,World Flythrough,40.41,24.74,12.86,N/A,3665.08,N/A,0,0,0,0
1782320720809,Forge,CAPTURE_ON,1,World Flythrough,39.87,25.08,12.86,N/A,3665.08,N/A,0,0,0,0
1782320720835,Forge,CAPTURE_ON,1,World Flythrough,38.69,25.84,12.86,N/A,3665.08,N/A,0,0,0,0
1782320720860,Forge,CAPTURE_ON,1,World Flythrough,39.87,25.08,12.86,N/A,3665.08,N/A,0,0,0,0
1782320720887,Forge,CAPTURE_ON,1,World Flythrough,38.41,26.04,12.86,N/A,3665.08,N/A,0,0,0,0
1782320720914,Forge,CAPTURE_ON,1,World Flythrough,36.84,27.14,12.86,N/A,3665.08,N/A,0,0,0,0
1782320720935,Forge,CAPTURE_ON,1,World Flythrough,47.78,20.93,12.86,N/A,3665.08,N/A,0,0,0,0
1782320720961,Forge,CAPTURE_ON,1,World Flythrough,37.52,26.65,12.86,N/A,3665.08,N/A,0,0,0,0
1782320720985,Forge,CAPTURE_ON,1,World Flythrough,43.08,23.21,12.86,N/A,3665.08,N/A,0,0,0,0
1782320721009,Forge,CAPTURE_ON,1,World Flythrough,39.91,25.06,12.86,N/A,3665.08,N/A,0,0,0,0
1782320721036,Forge,CAPTURE_ON,1,World Flythrough,37.17,26.90,12.86,N/A,3665.08,N/A,0,0,0,0
1782320721066,Forge,CAPTURE_ON,1,World Flythrough,33.83,29.56,12.86,N/A,3665.08,N/A,0,0,0,0
1782320721086,Forge,CAPTURE_ON,1,World Flythrough,51.01,19.60,12.86,N/A,3665.08,N/A,0,0,0,0
1782320721156,Forge,CAPTURE_ON,1,World Flythrough,36.59,27.33,8.61,N/A,3871.94,N/A,0,0,0,0
1782320721179,Forge,CAPTURE_ON,1,World Flythrough,15.16,65.95,8.61,N/A,3871.94,N/A,0,0,0,0
1782320721209,Forge,CAPTURE_ON,1,World Flythrough,33.90,29.50,8.61,N/A,3871.94,N/A,0,0,0,0
1782320721229,Forge,CAPTURE_ON,1,World Flythrough,50.04,19.99,8.61,N/A,3871.94,N/A,0,0,0,0
1782320721259,Forge,CAPTURE_ON,1,World Flythrough,33.06,30.25,8.61,N/A,3871.94,N/A,0,0,0,0
1782320721278,Forge,CAPTURE_ON,1,World Flythrough,51.78,19.31,8.61,N/A,3871.94,N/A,0,0,0,0
1782320721306,Forge,CAPTURE_ON,1,World Flythrough,36.30,27.54,8.61,N/A,3871.94,N/A,0,0,0,0
1782320721329,Forge,CAPTURE_ON,1,World Flythrough,43.03,23.24,8.61,N/A,3871.94,N/A,0,0,0,0
1782320721355,Forge,CAPTURE_ON,1,World Flythrough,38.10,26.25,8.61,N/A,3871.94,N/A,0,0,0,0
1782320721378,Forge,CAPTURE_ON,1,World Flythrough,43.54,22.96,8.61,N/A,3871.94,N/A,0,0,0,0
1782320721405,Forge,CAPTURE_ON,1,World Flythrough,36.83,27.15,8.61,N/A,3871.94,N/A,0,0,0,0
1782320721427,Forge,CAPTURE_ON,1,World Flythrough,44.15,22.65,8.61,N/A,3871.94,N/A,0,0,0,0
1782320721457,Forge,CAPTURE_ON,1,World Flythrough,34.19,29.25,8.61,N/A,3871.94,N/A,0,0,0,0
1782320721478,Forge,CAPTURE_ON,1,World Flythrough,47.53,21.04,8.61,N/A,3871.94,N/A,0,0,0,0
1782320721504,Forge,CAPTURE_ON,1,World Flythrough,38.96,25.67,8.61,N/A,3871.94,N/A,0,0,0,0
1782320721527,Forge,CAPTURE_ON,1,World Flythrough,41.99,23.82,8.61,N/A,3871.94,N/A,0,0,0,0
1782320721556,Forge,CAPTURE_ON,1,World Flythrough,34.71,28.81,8.61,N/A,3871.94,N/A,0,0,0,0
1782320721578,Forge,CAPTURE_ON,1,World Flythrough,46.87,21.33,8.61,N/A,3871.94,N/A,0,0,0,0
1782320721607,Forge,CAPTURE_ON,1,World Flythrough,34.68,28.83,8.61,N/A,3871.94,N/A,0,0,0,0
1782320721628,Forge,CAPTURE_ON,1,World Flythrough,46.09,21.70,8.61,N/A,3871.94,N/A,0,0,0,0
1782320721656,Forge,CAPTURE_ON,1,World Flythrough,35.86,27.88,8.61,N/A,3871.94,N/A,0,0,0,0
1782320721678,Forge,CAPTURE_ON,1,World Flythrough,45.97,21.76,8.61,N/A,3871.94,N/A,0,0,0,0
1782320721706,Forge,CAPTURE_ON,1,World Flythrough,35.49,28.18,8.61,N/A,3871.94,N/A,0,0,0,0
1782320721727,Forge,CAPTURE_ON,1,World Flythrough,47.63,20.99,8.61,N/A,3871.94,N/A,0,0,0,0
1782320721754,Forge,CAPTURE_ON,1,World Flythrough,36.98,27.04,8.61,N/A,3871.94,N/A,0,0,0,0
1782320721777,Forge,CAPTURE_ON,1,World Flythrough,42.74,23.40,8.61,N/A,3871.94,N/A,0,0,0,0
1782320721806,Forge,CAPTURE_ON,1,World Flythrough,34.56,28.93,8.61,N/A,3871.94,N/A,0,0,0,0
1782320721829,Forge,CAPTURE_ON,1,World Flythrough,45.24,22.10,8.61,N/A,3871.94,N/A,0,0,0,0
1782320721856,Forge,CAPTURE_ON,1,World Flythrough,36.56,27.35,8.61,N/A,3871.94,N/A,0,0,0,0
1782320721878,Forge,CAPTURE_ON,1,World Flythrough,43.98,22.74,8.61,N/A,3871.94,N/A,0,0,0,0
1782320721905,Forge,CAPTURE_ON,1,World Flythrough,37.77,26.48,8.61,N/A,3871.94,N/A,0,0,0,0
1782320721929,Forge,CAPTURE_ON,1,World Flythrough,40.86,24.48,8.61,N/A,3871.94,N/A,0,0,0,0
1782320721956,Forge,CAPTURE_ON,1,World Flythrough,37.08,26.97,8.61,N/A,3871.94,N/A,0,0,0,0
1782320721977,Forge,CAPTURE_ON,1,World Flythrough,48.64,20.56,8.61,N/A,3871.94,N/A,0,0,0,0
1782320722005,Forge,CAPTURE_ON,1,World Flythrough,35.89,27.86,8.61,N/A,3871.94,N/A,0,0,0,0
1782320722027,Forge,CAPTURE_ON,1,World Flythrough,44.23,22.61,8.61,N/A,3871.94,N/A,0,0,0,0
1782320722053,Forge,CAPTURE_ON,1,World Flythrough,38.29,26.11,8.61,N/A,3871.94,N/A,0,0,0,0
1782320722078,Forge,CAPTURE_ON,1,World Flythrough,40.38,24.77,8.61,N/A,3871.94,N/A,0,0,0,0
1782320722104,Forge,CAPTURE_ON,1,World Flythrough,38.73,25.82,8.61,N/A,3871.94,N/A,0,0,0,0
1782320722167,Forge,CAPTURE_ON,1,World Flythrough,43.34,23.07,10.64,N/A,4101.10,N/A,0,0,0,0
1782320722194,Forge,CAPTURE_ON,1,World Flythrough,15.03,66.54,10.64,N/A,4101.10,N/A,0,0,0,0
1782320722214,Forge,CAPTURE_ON,1,World Flythrough,49.65,20.14,10.64,N/A,4101.10,N/A,0,0,0,0
1782320722244,Forge,CAPTURE_ON,1,World Flythrough,33.84,29.56,10.64,N/A,4101.10,N/A,0,0,0,0
1782320722263,Forge,CAPTURE_ON,1,World Flythrough,50.29,19.89,10.64,N/A,4101.10,N/A,0,0,0,0
1782320722294,Forge,CAPTURE_ON,1,World Flythrough,32.55,30.72,10.64,N/A,4101.10,N/A,0,0,0,0
1782320722314,Forge,CAPTURE_ON,1,World Flythrough,49.16,20.34,10.64,N/A,4101.10,N/A,0,0,0,0
1782320722344,Forge,CAPTURE_ON,1,World Flythrough,33.52,29.84,10.64,N/A,4101.10,N/A,0,0,0,0
1782320722364,Forge,CAPTURE_ON,1,World Flythrough,51.42,19.45,10.64,N/A,4101.10,N/A,0,0,0,0
1782320722395,Forge,CAPTURE_ON,1,World Flythrough,31.85,31.40,10.64,N/A,4101.10,N/A,0,0,0,0
1782320722414,Forge,CAPTURE_ON,1,World Flythrough,53.58,18.66,10.64,N/A,4101.10,N/A,0,0,0,0
1782320722444,Forge,CAPTURE_ON,1,World Flythrough,32.91,30.39,10.64,N/A,4101.10,N/A,0,0,0,0
1782320722464,Forge,CAPTURE_ON,1,World Flythrough,49.82,20.07,10.64,N/A,4101.10,N/A,0,0,0,0
1782320722494,Forge,CAPTURE_ON,1,World Flythrough,33.20,30.12,10.64,N/A,4101.10,N/A,0,0,0,0
1782320722515,Forge,CAPTURE_ON,1,World Flythrough,49.21,20.32,10.64,N/A,4101.10,N/A,0,0,0,0
1782320722544,Forge,CAPTURE_ON,1,World Flythrough,33.67,29.70,10.64,N/A,4101.10,N/A,0,0,0,0
1782320722564,Forge,CAPTURE_ON,1,World Flythrough,51.87,19.28,10.64,N/A,4101.10,N/A,0,0,0,0
1782320722594,Forge,CAPTURE_ON,1,World Flythrough,32.79,30.50,10.64,N/A,4101.10,N/A,0,0,0,0
1782320722614,Forge,CAPTURE_ON,1,World Flythrough,51.01,19.60,10.64,N/A,4101.10,N/A,0,0,0,0
1782320722644,Forge,CAPTURE_ON,1,World Flythrough,32.96,30.34,10.64,N/A,4101.10,N/A,0,0,0,0
1782320722664,Forge,CAPTURE_ON,1,World Flythrough,51.19,19.53,10.64,N/A,4101.10,N/A,0,0,0,0
1782320722695,Forge,CAPTURE_ON,1,World Flythrough,32.46,30.81,10.64,N/A,4101.10,N/A,0,0,0,0
1782320722716,Forge,CAPTURE_ON,1,World Flythrough,46.41,21.55,10.64,N/A,4101.10,N/A,0,0,0,0
1782320722745,Forge,CAPTURE_ON,1,World Flythrough,34.81,28.73,10.64,N/A,4101.10,N/A,0,0,0,0
1782320722764,Forge,CAPTURE_ON,1,World Flythrough,52.74,18.96,10.64,N/A,4101.10,N/A,0,0,0,0
1782320722806,Forge,CAPTURE_ON,1,World Flythrough,23.72,42.16,10.64,N/A,4101.10,N/A,0,0,0,0
1782320722827,Forge,CAPTURE_ON,1,World Flythrough,46.86,21.34,10.64,N/A,4101.10,N/A,0,0,0,0
1782320722854,Forge,CAPTURE_ON,1,World Flythrough,37.37,26.76,10.64,N/A,4101.10,N/A,0,0,0,0
1782320722877,Forge,CAPTURE_ON,1,World Flythrough,43.28,23.10,10.64,N/A,4101.10,N/A,0,0,0,0
1782320722903,Forge,CAPTURE_ON,1,World Flythrough,37.72,26.51,10.64,N/A,4101.10,N/A,0,0,0,0
1782320722929,Forge,CAPTURE_ON,1,World Flythrough,39.90,25.06,10.64,N/A,4101.10,N/A,0,0,0,0
1782320722957,Forge,CAPTURE_ON,1,World Flythrough,35.68,28.03,10.64,N/A,4101.10,N/A,0,0,0,0
1782320722977,Forge,CAPTURE_ON,1,World Flythrough,49.09,20.37,10.64,N/A,4101.10,N/A,0,0,0,0
1782320723004,Forge,CAPTURE_ON,1,World Flythrough,36.76,27.21,10.64,N/A,4101.10,N/A,0,0,0,0
1782320723027,Forge,CAPTURE_ON,1,World Flythrough,43.19,23.15,10.64,N/A,4101.10,N/A,0,0,0,0
1782320723053,Forge,CAPTURE_ON,1,World Flythrough,38.96,25.67,10.64,N/A,4101.10,N/A,0,0,0,0
1782320723077,Forge,CAPTURE_ON,1,World Flythrough,42.06,23.77,10.64,N/A,4101.10,N/A,0,0,0,0
1782320723103,Forge,CAPTURE_ON,1,World Flythrough,38.24,26.15,10.64,N/A,4101.10,N/A,0,0,0,0
1782320723127,Forge,CAPTURE_ON,1,World Flythrough,42.05,23.78,10.64,N/A,4101.10,N/A,0,0,0,0
1782320723190,Forge,CAPTURE_ON,1,World Flythrough,39.27,25.46,10.69,N/A,2965.74,N/A,0,0,0,0
1782320723212,Forge,CAPTURE_ON,1,World Flythrough,16.82,59.44,10.69,N/A,2965.74,N/A,0,0,0,0
1782320723236,Forge,CAPTURE_ON,1,World Flythrough,41.44,24.13,10.69,N/A,2965.74,N/A,0,0,0,0
1782320723262,Forge,CAPTURE_ON,1,World Flythrough,38.75,25.81,10.69,N/A,2965.74,N/A,0,0,0,0
1782320723288,Forge,CAPTURE_ON,1,World Flythrough,37.84,26.43,10.69,N/A,2965.74,N/A,0,0,0,0
1782320723312,Forge,CAPTURE_ON,1,World Flythrough,42.63,23.46,10.69,N/A,2965.74,N/A,0,0,0,0
1782320723336,Forge,CAPTURE_ON,1,World Flythrough,40.67,24.59,10.69,N/A,2965.74,N/A,0,0,0,0
1782320723361,Forge,CAPTURE_ON,1,World Flythrough,39.84,25.10,10.69,N/A,2965.74,N/A,0,0,0,0
1782320723385,Forge,CAPTURE_ON,1,World Flythrough,41.53,24.08,10.69,N/A,2965.74,N/A,0,0,0,0
1782320723411,Forge,CAPTURE_ON,1,World Flythrough,39.12,25.56,10.69,N/A,2965.74,N/A,0,0,0,0
1782320723435,Forge,CAPTURE_ON,1,World Flythrough,40.62,24.62,10.69,N/A,2965.74,N/A,0,0,0,0
1782320723461,Forge,CAPTURE_ON,1,World Flythrough,38.44,26.02,10.69,N/A,2965.74,N/A,0,0,0,0
1782320723486,Forge,CAPTURE_ON,1,World Flythrough,41.40,24.15,10.69,N/A,2965.74,N/A,0,0,0,0
1782320723511,Forge,CAPTURE_ON,1,World Flythrough,39.47,25.33,10.69,N/A,2965.74,N/A,0,0,0,0
1782320723536,Forge,CAPTURE_ON,1,World Flythrough,40.32,24.80,10.69,N/A,2965.74,N/A,0,0,0,0
1782320723562,Forge,CAPTURE_ON,1,World Flythrough,38.28,26.12,10.69,N/A,2965.74,N/A,0,0,0,0
1782320723586,Forge,CAPTURE_ON,1,World Flythrough,42.57,23.49,10.69,N/A,2965.74,N/A,0,0,0,0
1782320723611,Forge,CAPTURE_ON,1,World Flythrough,39.73,25.17,10.69,N/A,2965.74,N/A,0,0,0,0
1782320723635,Forge,CAPTURE_ON,1,World Flythrough,40.30,24.82,10.69,N/A,2965.74,N/A,0,0,0,0
1782320723664,Forge,CAPTURE_ON,1,World Flythrough,35.19,28.42,10.69,N/A,2965.74,N/A,0,0,0,0
1782320723685,Forge,CAPTURE_ON,1,World Flythrough,45.86,21.81,10.69,N/A,2965.74,N/A,0,0,0,0
1782320723711,Forge,CAPTURE_ON,1,World Flythrough,38.72,25.83,10.69,N/A,2965.74,N/A,0,0,0,0
1782320723736,Forge,CAPTURE_ON,1,World Flythrough,40.77,24.53,10.69,N/A,2965.74,N/A,0,0,0,0
1782320723768,Forge,CAPTURE_ON,1,World Flythrough,31.30,31.95,10.69,N/A,2965.74,N/A,0,0,0,0
1782320723786,Forge,CAPTURE_ON,1,World Flythrough,55.91,17.89,10.69,N/A,2965.74,N/A,0,0,0,0
1782320723814,Forge,CAPTURE_ON,1,World Flythrough,35.85,27.90,10.69,N/A,2965.74,N/A,0,0,0,0
1782320723836,Forge,CAPTURE_ON,1,World Flythrough,46.21,21.64,10.69,N/A,2965.74,N/A,0,0,0,0
1782320723861,Forge,CAPTURE_ON,1,World Flythrough,39.41,25.38,10.69,N/A,2965.74,N/A,0,0,0,0
1782320723886,Forge,CAPTURE_ON,1,World Flythrough,40.40,24.75,10.69,N/A,2965.74,N/A,0,0,0,0
1782320723911,Forge,CAPTURE_ON,1,World Flythrough,39.01,25.63,10.69,N/A,2965.74,N/A,0,0,0,0
1782320723935,Forge,CAPTURE_ON,1,World Flythrough,41.29,24.22,10.69,N/A,2965.74,N/A,0,0,0,0
1782320723961,Forge,CAPTURE_ON,1,World Flythrough,38.64,25.88,10.69,N/A,2965.74,N/A,0,0,0,0
1782320723986,Forge,CAPTURE_ON,1,World Flythrough,41.30,24.21,10.69,N/A,2965.74,N/A,0,0,0,0
1782320724011,Forge,CAPTURE_ON,1,World Flythrough,39.33,25.43,10.69,N/A,2965.74,N/A,0,0,0,0
1782320724036,Forge,CAPTURE_ON,1,World Flythrough,39.32,25.43,10.69,N/A,2965.74,N/A,0,0,0,0
1782320724063,Forge,CAPTURE_ON,1,World Flythrough,37.89,26.39,10.69,N/A,2965.74,N/A,0,0,0,0
1782320724087,Forge,CAPTURE_ON,1,World Flythrough,41.03,24.37,10.69,N/A,2965.74,N/A,0,0,0,0
1782320724111,Forge,CAPTURE_ON,1,World Flythrough,41.56,24.06,10.69,N/A,2965.74,N/A,0,0,0,0
1782320724136,Forge,CAPTURE_ON,1,World Flythrough,40.63,24.61,10.69,N/A,2965.74,N/A,0,0,0,0
1782320724201,Forge,CAPTURE_ON,1,World Flythrough,38.05,26.28,9.69,N/A,3181.75,N/A,0,0,0,0
1782320724222,Forge,CAPTURE_ON,1,World Flythrough,16.60,60.25,9.69,N/A,3181.75,N/A,0,0,0,0
1782320724248,Forge,CAPTURE_ON,1,World Flythrough,38.41,26.03,9.69,N/A,3181.75,N/A,0,0,0,0
1782320724273,Forge,CAPTURE_ON,1,World Flythrough,40.98,24.40,9.69,N/A,3181.75,N/A,0,0,0,0
1782320724299,Forge,CAPTURE_ON,1,World Flythrough,38.12,26.23,9.69,N/A,3181.75,N/A,0,0,0,0
1782320724323,Forge,CAPTURE_ON,1,World Flythrough,40.92,24.44,9.69,N/A,3181.75,N/A,0,0,0,0
1782320724350,Forge,CAPTURE_ON,1,World Flythrough,37.38,26.75,9.69,N/A,3181.75,N/A,0,0,0,0
1782320724373,Forge,CAPTURE_ON,1,World Flythrough,44.51,22.47,9.69,N/A,3181.75,N/A,0,0,0,0
1782320724398,Forge,CAPTURE_ON,1,World Flythrough,38.85,25.74,9.69,N/A,3181.75,N/A,0,0,0,0
1782320724423,Forge,CAPTURE_ON,1,World Flythrough,41.55,24.07,9.69,N/A,3181.75,N/A,0,0,0,0
1782320724448,Forge,CAPTURE_ON,1,World Flythrough,38.43,26.02,9.69,N/A,3181.75,N/A,0,0,0,0
1782320724472,Forge,CAPTURE_ON,1,World Flythrough,41.71,23.97,9.69,N/A,3181.75,N/A,0,0,0,0
1782320724498,Forge,CAPTURE_ON,1,World Flythrough,38.62,25.89,9.69,N/A,3181.75,N/A,0,0,0,0
1782320724522,Forge,CAPTURE_ON,1,World Flythrough,41.45,24.12,9.69,N/A,3181.75,N/A,0,0,0,0
1782320724554,Forge,CAPTURE_ON,1,World Flythrough,31.27,31.98,9.69,N/A,3181.75,N/A,0,0,0,0
1782320724573,Forge,CAPTURE_ON,1,World Flythrough,52.02,19.22,9.69,N/A,3181.75,N/A,0,0,0,0
1782320724606,Forge,CAPTURE_ON,1,World Flythrough,31.24,32.01,9.69,N/A,3181.75,N/A,0,0,0,0
1782320724626,Forge,CAPTURE_ON,1,World Flythrough,49.37,20.26,9.69,N/A,3181.75,N/A,0,0,0,0
1782320724652,Forge,CAPTURE_ON,1,World Flythrough,37.65,26.56,9.69,N/A,3181.75,N/A,0,0,0,0
1782320724674,Forge,CAPTURE_ON,1,World Flythrough,46.09,21.70,9.69,N/A,3181.75,N/A,0,0,0,0
1782320724699,Forge,CAPTURE_ON,1,World Flythrough,40.48,24.70,9.69,N/A,3181.75,N/A,0,0,0,0
1782320724722,Forge,CAPTURE_ON,1,World Flythrough,42.39,23.59,9.69,N/A,3181.75,N/A,0,0,0,0
1782320724749,Forge,CAPTURE_ON,1,World Flythrough,37.19,26.89,9.69,N/A,3181.75,N/A,0,0,0,0
1782320724773,Forge,CAPTURE_ON,1,World Flythrough,42.89,23.32,9.69,N/A,3181.75,N/A,0,0,0,0
1782320724800,Forge,CAPTURE_ON,1,World Flythrough,36.82,27.16,9.69,N/A,3181.75,N/A,0,0,0,0
1782320724822,Forge,CAPTURE_ON,1,World Flythrough,44.68,22.38,9.69,N/A,3181.75,N/A,0,0,0,0
1782320724850,Forge,CAPTURE_ON,1,World Flythrough,36.33,27.53,9.69,N/A,3181.75,N/A,0,0,0,0
1782320724872,Forge,CAPTURE_ON,1,World Flythrough,44.13,22.66,9.69,N/A,3181.75,N/A,0,0,0,0
1782320724900,Forge,CAPTURE_ON,1,World Flythrough,36.14,27.67,9.69,N/A,3181.75,N/A,0,0,0,0
1782320724922,Forge,CAPTURE_ON,1,World Flythrough,45.20,22.13,9.69,N/A,3181.75,N/A,0,0,0,0
1782320724949,Forge,CAPTURE_ON,1,World Flythrough,37.29,26.82,9.69,N/A,3181.75,N/A,0,0,0,0
1782320724972,Forge,CAPTURE_ON,1,World Flythrough,42.95,23.28,9.69,N/A,3181.75,N/A,0,0,0,0
1782320724999,Forge,CAPTURE_ON,1,World Flythrough,37.42,26.72,9.69,N/A,3181.75,N/A,0,0,0,0
1782320725022,Forge,CAPTURE_ON,1,World Flythrough,43.10,23.20,9.69,N/A,3181.75,N/A,0,0,0,0
1782320725048,Forge,CAPTURE_ON,1,World Flythrough,38.75,25.80,9.69,N/A,3181.75,N/A,0,0,0,0
1782320725072,Forge,CAPTURE_ON,1,World Flythrough,40.67,24.59,9.69,N/A,3181.75,N/A,0,0,0,0
1782320725100,Forge,CAPTURE_ON,1,World Flythrough,36.78,27.19,9.69,N/A,3181.75,N/A,0,0,0,0
1782320725122,Forge,CAPTURE_ON,1,World Flythrough,44.36,22.54,9.69,N/A,3181.75,N/A,0,0,0,0
1782320725149,Forge,CAPTURE_ON,1,World Flythrough,37.81,26.45,9.69,N/A,3181.75,N/A,0,0,0,0
1782320725212,Forge,CAPTURE_ON,1,World Flythrough,42.60,23.48,10.73,N/A,3428.25,N/A,0,0,0,0
1782320725235,Forge,CAPTURE_ON,1,World Flythrough,15.86,63.05,10.73,N/A,3428.25,N/A,0,0,0,0
1782320725258,Forge,CAPTURE_ON,1,World Flythrough,43.30,23.09,10.73,N/A,3428.25,N/A,0,0,0,0
1782320725283,Forge,CAPTURE_ON,1,World Flythrough,39.92,25.05,10.73,N/A,3428.25,N/A,0,0,0,0
1782320725309,Forge,CAPTURE_ON,1,World Flythrough,39.31,25.44,10.73,N/A,3428.25,N/A,0,0,0,0
1782320725334,Forge,CAPTURE_ON,1,World Flythrough,40.25,24.84,10.73,N/A,3428.25,N/A,0,0,0,0
1782320725358,Forge,CAPTURE_ON,1,World Flythrough,40.49,24.70,10.73,N/A,3428.25,N/A,0,0,0,0
1782320725384,Forge,CAPTURE_ON,1,World Flythrough,39.60,25.25,10.73,N/A,3428.25,N/A,0,0,0,0
1782320725409,Forge,CAPTURE_ON,1,World Flythrough,39.74,25.16,10.73,N/A,3428.25,N/A,0,0,0,0
1782320725435,Forge,CAPTURE_ON,1,World Flythrough,38.91,25.70,10.73,N/A,3428.25,N/A,0,0,0,0
1782320725460,Forge,CAPTURE_ON,1,World Flythrough,38.31,26.10,10.73,N/A,3428.25,N/A,0,0,0,0
1782320725485,Forge,CAPTURE_ON,1,World Flythrough,41.81,23.92,10.73,N/A,3428.25,N/A,0,0,0,0
1782320725510,Forge,CAPTURE_ON,1,World Flythrough,38.88,25.72,10.73,N/A,3428.25,N/A,0,0,0,0
1782320725534,Forge,CAPTURE_ON,1,World Flythrough,42.11,23.75,10.73,N/A,3428.25,N/A,0,0,0,0
1782320725562,Forge,CAPTURE_ON,1,World Flythrough,34.96,28.60,10.73,N/A,3428.25,N/A,0,0,0,0
1782320725584,Forge,CAPTURE_ON,1,World Flythrough,45.55,21.96,10.73,N/A,3428.25,N/A,0,0,0,0
1782320725612,Forge,CAPTURE_ON,1,World Flythrough,36.89,27.11,10.73,N/A,3428.25,N/A,0,0,0,0
1782320725636,Forge,CAPTURE_ON,1,World Flythrough,40.68,24.58,10.73,N/A,3428.25,N/A,0,0,0,0
1782320725659,Forge,CAPTURE_ON,1,World Flythrough,44.89,22.28,10.73,N/A,3428.25,N/A,0,0,0,0
1782320725684,Forge,CAPTURE_ON,1,World Flythrough,39.46,25.34,10.73,N/A,3428.25,N/A,0,0,0,0
1782320725713,Forge,CAPTURE_ON,1,World Flythrough,33.61,29.75,10.73,N/A,3428.25,N/A,0,0,0,0
1782320725734,Forge,CAPTURE_ON,1,World Flythrough,49.19,20.33,10.73,N/A,3428.25,N/A,0,0,0,0
1782320725759,Forge,CAPTURE_ON,1,World Flythrough,40.78,24.52,10.73,N/A,3428.25,N/A,0,0,0,0
1782320725784,Forge,CAPTURE_ON,1,World Flythrough,39.09,25.58,10.73,N/A,3428.25,N/A,0,0,0,0
1782320725809,Forge,CAPTURE_ON,1,World Flythrough,40.60,24.63,10.73,N/A,3428.25,N/A,0,0,0,0
1782320725835,Forge,CAPTURE_ON,1,World Flythrough,38.73,25.82,10.73,N/A,3428.25,N/A,0,0,0,0
1782320725859,Forge,CAPTURE_ON,1,World Flythrough,41.64,24.02,10.73,N/A,3428.25,N/A,0,0,0,0
1782320725884,Forge,CAPTURE_ON,1,World Flythrough,39.38,25.39,10.73,N/A,3428.25,N/A,0,0,0,0
1782320725914,Forge,CAPTURE_ON,1,World Flythrough,33.53,29.83,10.73,N/A,3428.25,N/A,0,0,0,0
1782320725934,Forge,CAPTURE_ON,1,World Flythrough,47.70,20.96,10.73,N/A,3428.25,N/A,0,0,0,0
1782320725960,Forge,CAPTURE_ON,1,World Flythrough,40.04,24.97,10.73,N/A,3428.25,N/A,0,0,0,0
1782320725984,Forge,CAPTURE_ON,1,World Flythrough,40.90,24.45,10.73,N/A,3428.25,N/A,0,0,0,0
1782320726009,Forge,CAPTURE_ON,1,World Flythrough,40.49,24.69,10.73,N/A,3428.25,N/A,0,0,0,0
1782320726035,Forge,CAPTURE_ON,1,World Flythrough,38.80,25.77,10.73,N/A,3428.25,N/A,0,0,0,0
1782320726059,Forge,CAPTURE_ON,1,World Flythrough,41.42,24.14,10.73,N/A,3428.25,N/A,0,0,0,0
1782320726084,Forge,CAPTURE_ON,1,World Flythrough,39.69,25.19,10.73,N/A,3428.25,N/A,0,0,0,0
1782320726114,Forge,CAPTURE_ON,1,World Flythrough,33.09,30.22,10.73,N/A,3428.25,N/A,0,0,0,0
1782320726134,Forge,CAPTURE_ON,1,World Flythrough,48.92,20.44,10.73,N/A,3428.25,N/A,0,0,0,0
1782320726160,Forge,CAPTURE_ON,1,World Flythrough,39.54,25.29,10.73,N/A,3428.25,N/A,0,0,0,0
1782320726229,Forge,CAPTURE_ON,1,World Flythrough,41.36,24.18,9.99,N/A,4349.72,N/A,0,0,0,0
1782320726258,Forge,CAPTURE_ON,1,World Flythrough,13.44,74.39,9.99,N/A,4349.72,N/A,0,0,0,0
1782320726278,Forge,CAPTURE_ON,1,World Flythrough,50.56,19.78,9.99,N/A,4349.72,N/A,0,0,0,0
1782320726304,Forge,CAPTURE_ON,1,World Flythrough,39.53,25.30,9.99,N/A,4349.72,N/A,0,0,0,0
1782320726326,Forge,CAPTURE_ON,1,World Flythrough,43.94,22.76,9.99,N/A,4349.72,N/A,0,0,0,0
1782320726355,Forge,CAPTURE_ON,1,World Flythrough,34.65,28.86,9.99,N/A,4349.72,N/A,0,0,0,0
1782320726377,Forge,CAPTURE_ON,1,World Flythrough,46.44,21.53,9.99,N/A,4349.72,N/A,0,0,0,0
1782320726404,Forge,CAPTURE_ON,1,World Flythrough,36.06,27.73,9.99,N/A,4349.72,N/A,0,0,0,0
1782320726427,Forge,CAPTURE_ON,1,World Flythrough,45.37,22.04,9.99,N/A,4349.72,N/A,0,0,0,0
1782320726454,Forge,CAPTURE_ON,1,World Flythrough,36.03,27.76,9.99,N/A,4349.72,N/A,0,0,0,0
1782320726477,Forge,CAPTURE_ON,1,World Flythrough,43.29,23.10,9.99,N/A,4349.72,N/A,0,0,0,0
1782320726507,Forge,CAPTURE_ON,1,World Flythrough,33.37,29.96,9.99,N/A,4349.72,N/A,0,0,0,0
1782320726526,Forge,CAPTURE_ON,1,World Flythrough,53.44,18.71,9.99,N/A,4349.72,N/A,0,0,0,0
1782320726554,Forge,CAPTURE_ON,1,World Flythrough,35.97,27.80,9.99,N/A,4349.72,N/A,0,0,0,0
1782320726576,Forge,CAPTURE_ON,1,World Flythrough,45.27,22.09,9.99,N/A,4349.72,N/A,0,0,0,0
1782320726602,Forge,CAPTURE_ON,1,World Flythrough,38.12,26.23,9.99,N/A,4349.72,N/A,0,0,0,0
1782320726625,Forge,CAPTURE_ON,1,World Flythrough,43.00,23.25,9.99,N/A,4349.72,N/A,0,0,0,0
1782320726651,Forge,CAPTURE_ON,1,World Flythrough,38.92,25.69,9.99,N/A,4349.72,N/A,0,0,0,0
1782320726676,Forge,CAPTURE_ON,1,World Flythrough,39.52,25.31,9.99,N/A,4349.72,N/A,0,0,0,0
1782320726703,Forge,CAPTURE_ON,1,World Flythrough,37.55,26.63,9.99,N/A,4349.72,N/A,0,0,0,0
1782320726726,Forge,CAPTURE_ON,1,World Flythrough,43.48,23.00,9.99,N/A,4349.72,N/A,0,0,0,0
1782320726753,Forge,CAPTURE_ON,1,World Flythrough,37.06,26.98,9.99,N/A,4349.72,N/A,0,0,0,0
1782320726776,Forge,CAPTURE_ON,1,World Flythrough,44.28,22.59,9.99,N/A,4349.72,N/A,0,0,0,0
1782320726802,Forge,CAPTURE_ON,1,World Flythrough,38.21,26.17,9.99,N/A,4349.72,N/A,0,0,0,0
1782320726826,Forge,CAPTURE_ON,1,World Flythrough,41.60,24.04,9.99,N/A,4349.72,N/A,0,0,0,0
1782320726854,Forge,CAPTURE_ON,1,World Flythrough,35.51,28.16,9.99,N/A,4349.72,N/A,0,0,0,0
1782320726876,Forge,CAPTURE_ON,1,World Flythrough,44.78,22.33,9.99,N/A,4349.72,N/A,0,0,0,0
1782320726903,Forge,CAPTURE_ON,1,World Flythrough,37.40,26.74,9.99,N/A,4349.72,N/A,0,0,0,0
1782320726926,Forge,CAPTURE_ON,1,World Flythrough,43.10,23.20,9.99,N/A,4349.72,N/A,0,0,0,0
1782320726954,Forge,CAPTURE_ON,1,World Flythrough,36.55,27.36,9.99,N/A,4349.72,N/A,0,0,0,0
1782320726976,Forge,CAPTURE_ON,1,World Flythrough,45.45,22.00,9.99,N/A,4349.72,N/A,0,0,0,0
1782320727003,Forge,CAPTURE_ON,1,World Flythrough,36.88,27.11,9.99,N/A,4349.72,N/A,0,0,0,0
1782320727026,Forge,CAPTURE_ON,1,World Flythrough,43.41,23.04,9.99,N/A,4349.72,N/A,0,0,0,0
1782320727053,Forge,CAPTURE_ON,1,World Flythrough,35.97,27.80,9.99,N/A,4349.72,N/A,0,0,0,0
1782320727076,Forge,CAPTURE_ON,1,World Flythrough,43.59,22.94,9.99,N/A,4349.72,N/A,0,0,0,0
1782320727102,Forge,CAPTURE_ON,1,World Flythrough,39.05,25.61,9.99,N/A,4349.72,N/A,0,0,0,0
1782320727126,Forge,CAPTURE_ON,1,World Flythrough,42.54,23.51,9.99,N/A,4349.72,N/A,0,0,0,0
1782320727153,Forge,CAPTURE_ON,1,World Flythrough,36.55,27.36,9.99,N/A,4349.72,N/A,0,0,0,0
1782320727176,Forge,CAPTURE_ON,1,World Flythrough,44.16,22.64,9.99,N/A,4349.72,N/A,0,0,0,0
1782320727240,Forge,CAPTURE_ON,1,World Flythrough,36.62,27.31,9.18,N/A,4581.72,N/A,0,0,0,0
1782320727262,Forge,CAPTURE_ON,1,World Flythrough,16.94,59.03,9.18,N/A,4581.72,N/A,0,0,0,0
1782320727292,Forge,CAPTURE_ON,1,World Flythrough,32.58,30.69,9.18,N/A,4581.72,N/A,0,0,0,0
1782320727313,Forge,CAPTURE_ON,1,World Flythrough,48.26,20.72,9.18,N/A,4581.72,N/A,0,0,0,0
1782320727343,Forge,CAPTURE_ON,1,World Flythrough,33.64,29.73,9.18,N/A,4581.72,N/A,0,0,0,0
1782320727362,Forge,CAPTURE_ON,1,World Flythrough,53.31,18.76,9.18,N/A,4581.72,N/A,0,0,0,0
1782320727392,Forge,CAPTURE_ON,1,World Flythrough,33.02,30.29,9.18,N/A,4581.72,N/A,0,0,0,0
1782320727412,Forge,CAPTURE_ON,1,World Flythrough,49.89,20.04,9.18,N/A,4581.72,N/A,0,0,0,0
1782320727443,Forge,CAPTURE_ON,1,World Flythrough,32.37,30.90,9.18,N/A,4581.72,N/A,0,0,0,0
1782320727462,Forge,CAPTURE_ON,1,World Flythrough,51.48,19.43,9.18,N/A,4581.72,N/A,0,0,0,0
1782320727492,Forge,CAPTURE_ON,1,World Flythrough,33.54,29.82,9.18,N/A,4581.72,N/A,0,0,0,0
1782320727512,Forge,CAPTURE_ON,1,World Flythrough,48.38,20.67,9.18,N/A,4581.72,N/A,0,0,0,0
1782320727543,Forge,CAPTURE_ON,1,World Flythrough,33.98,29.43,9.18,N/A,4581.72,N/A,0,0,0,0
1782320727563,Forge,CAPTURE_ON,1,World Flythrough,49.07,20.38,9.18,N/A,4581.72,N/A,0,0,0,0
1782320727593,Forge,CAPTURE_ON,1,World Flythrough,32.76,30.53,9.18,N/A,4581.72,N/A,0,0,0,0
1782320727613,Forge,CAPTURE_ON,1,World Flythrough,52.15,19.18,9.18,N/A,4581.72,N/A,0,0,0,0
1782320727643,Forge,CAPTURE_ON,1,World Flythrough,32.95,30.35,9.18,N/A,4581.72,N/A,0,0,0,0
1782320727662,Forge,CAPTURE_ON,1,World Flythrough,50.89,19.65,9.18,N/A,4581.72,N/A,0,0,0,0
1782320727694,Forge,CAPTURE_ON,1,World Flythrough,31.96,31.29,9.18,N/A,4581.72,N/A,0,0,0,0
1782320727713,Forge,CAPTURE_ON,1,World Flythrough,51.42,19.45,9.18,N/A,4581.72,N/A,0,0,0,0
1782320727743,Forge,CAPTURE_ON,1,World Flythrough,33.74,29.64,9.18,N/A,4581.72,N/A,0,0,0,0
1782320727762,Forge,CAPTURE_ON,1,World Flythrough,51.57,19.39,9.18,N/A,4581.72,N/A,0,0,0,0
1782320727794,Forge,CAPTURE_ON,1,World Flythrough,31.49,31.75,9.18,N/A,4581.72,N/A,0,0,0,0
1782320727812,Forge,CAPTURE_ON,1,World Flythrough,55.29,18.09,9.18,N/A,4581.72,N/A,0,0,0,0
1782320727844,Forge,CAPTURE_ON,1,World Flythrough,31.84,31.41,9.18,N/A,4581.72,N/A,0,0,0,0
1782320727862,Forge,CAPTURE_ON,1,World Flythrough,54.11,18.48,9.18,N/A,4581.72,N/A,0,0,0,0
1782320727898,Forge,CAPTURE_ON,1,World Flythrough,27.58,36.25,9.18,N/A,4581.72,N/A,0,0,0,0
1782320727922,Forge,CAPTURE_ON,1,World Flythrough,41.27,24.23,9.18,N/A,4581.72,N/A,0,0,0,0
1782320727947,Forge,CAPTURE_ON,1,World Flythrough,40.18,24.89,9.18,N/A,4581.72,N/A,0,0,0,0
1782320727972,Forge,CAPTURE_ON,1,World Flythrough,40.96,24.42,9.18,N/A,4581.72,N/A,0,0,0,0
1782320727998,Forge,CAPTURE_ON,1,World Flythrough,38.18,26.19,9.18,N/A,4581.72,N/A,0,0,0,0
1782320728022,Forge,CAPTURE_ON,1,World Flythrough,42.63,23.46,9.18,N/A,4581.72,N/A,0,0,0,0
1782320728047,Forge,CAPTURE_ON,1,World Flythrough,39.62,25.24,9.18,N/A,4581.72,N/A,0,0,0,0
1782320728072,Forge,CAPTURE_ON,1,World Flythrough,40.03,24.98,9.18,N/A,4581.72,N/A,0,0,0,0
1782320728096,Forge,CAPTURE_ON,1,World Flythrough,40.62,24.62,9.18,N/A,4581.72,N/A,0,0,0,0
1782320728122,Forge,CAPTURE_ON,1,World Flythrough,38.32,26.09,9.18,N/A,4581.72,N/A,0,0,0,0
1782320728147,Forge,CAPTURE_ON,1,World Flythrough,41.76,23.95,9.18,N/A,4581.72,N/A,0,0,0,0
1782320728171,Forge,CAPTURE_ON,1,World Flythrough,40.18,24.89,9.18,N/A,4581.72,N/A,0,0,0,0
1782320728198,Forge,CAPTURE_ON,1,World Flythrough,37.66,26.55,9.18,N/A,4581.72,N/A,0,0,0,0
1782320728257,Forge,CAPTURE_ON,1,World Flythrough,41.92,23.85,9.49,N/A,2807.30,N/A,0,0,0,0
1782320728280,Forge,CAPTURE_ON,1,World Flythrough,17.08,58.53,9.49,N/A,2807.30,N/A,0,0,0,0
1782320728304,Forge,CAPTURE_ON,1,World Flythrough,42.18,23.71,9.49,N/A,2807.30,N/A,0,0,0,0
1782320728328,Forge,CAPTURE_ON,1,World Flythrough,40.88,24.46,9.49,N/A,2807.30,N/A,0,0,0,0
1782320728355,Forge,CAPTURE_ON,1,World Flythrough,37.28,26.82,9.49,N/A,2807.30,N/A,0,0,0,0
1782320728378,Forge,CAPTURE_ON,1,World Flythrough,43.04,23.23,9.49,N/A,2807.30,N/A,0,0,0,0
1782320728404,Forge,CAPTURE_ON,1,World Flythrough,39.20,25.51,9.49,N/A,2807.30,N/A,0,0,0,0
1782320728429,Forge,CAPTURE_ON,1,World Flythrough,40.32,24.80,9.49,N/A,2807.30,N/A,0,0,0,0
1782320728454,Forge,CAPTURE_ON,1,World Flythrough,39.35,25.41,9.49,N/A,2807.30,N/A,0,0,0,0
1782320728479,Forge,CAPTURE_ON,1,World Flythrough,39.68,25.20,9.49,N/A,2807.30,N/A,0,0,0,0
1782320728505,Forge,CAPTURE_ON,1,World Flythrough,39.15,25.54,9.49,N/A,2807.30,N/A,0,0,0,0
1782320728529,Forge,CAPTURE_ON,1,World Flythrough,40.92,24.44,9.49,N/A,2807.30,N/A,0,0,0,0
1782320728554,Forge,CAPTURE_ON,1,World Flythrough,39.56,25.28,9.49,N/A,2807.30,N/A,0,0,0,0
1782320728579,Forge,CAPTURE_ON,1,World Flythrough,41.47,24.11,9.49,N/A,2807.30,N/A,0,0,0,0
1782320728604,Forge,CAPTURE_ON,1,World Flythrough,39.81,25.12,9.49,N/A,2807.30,N/A,0,0,0,0
1782320728628,Forge,CAPTURE_ON,1,World Flythrough,40.76,24.53,9.49,N/A,2807.30,N/A,0,0,0,0
1782320728654,Forge,CAPTURE_ON,1,World Flythrough,39.26,25.47,9.49,N/A,2807.30,N/A,0,0,0,0
1782320728678,Forge,CAPTURE_ON,1,World Flythrough,40.53,24.67,9.49,N/A,2807.30,N/A,0,0,0,0
1782320728704,Forge,CAPTURE_ON,1,World Flythrough,38.99,25.65,9.49,N/A,2807.30,N/A,0,0,0,0
1782320728729,Forge,CAPTURE_ON,1,World Flythrough,39.66,25.21,9.49,N/A,2807.30,N/A,0,0,0,0
1782320728755,Forge,CAPTURE_ON,1,World Flythrough,38.45,26.01,9.49,N/A,2807.30,N/A,0,0,0,0
1782320728779,Forge,CAPTURE_ON,1,World Flythrough,42.43,23.57,9.49,N/A,2807.30,N/A,0,0,0,0
1782320728804,Forge,CAPTURE_ON,1,World Flythrough,40.15,24.91,9.49,N/A,2807.30,N/A,0,0,0,0
1782320728828,Forge,CAPTURE_ON,1,World Flythrough,40.98,24.40,9.49,N/A,2807.30,N/A,0,0,0,0
1782320728853,Forge,CAPTURE_ON,1,World Flythrough,39.32,25.43,9.49,N/A,2807.30,N/A,0,0,0,0
1782320728879,Forge,CAPTURE_ON,1,World Flythrough,39.24,25.49,9.49,N/A,2807.30,N/A,0,0,0,0
1782320728905,Forge,CAPTURE_ON,1,World Flythrough,38.69,25.85,9.49,N/A,2807.30,N/A,0,0,0,0
1782320728929,Forge,CAPTURE_ON,1,World Flythrough,41.76,23.95,9.49,N/A,2807.30,N/A,0,0,0,0
1782320728957,Forge,CAPTURE_ON,1,World Flythrough,35.55,28.13,9.49,N/A,2807.30,N/A,0,0,0,0
1782320728978,Forge,CAPTURE_ON,1,World Flythrough,46.39,21.56,9.49,N/A,2807.30,N/A,0,0,0,0
1782320729004,Forge,CAPTURE_ON,1,World Flythrough,39.00,25.64,9.49,N/A,2807.30,N/A,0,0,0,0
1782320729029,Forge,CAPTURE_ON,1,World Flythrough,40.68,24.59,9.49,N/A,2807.30,N/A,0,0,0,0
1782320729054,Forge,CAPTURE_ON,1,World Flythrough,39.76,25.15,9.49,N/A,2807.30,N/A,0,0,0,0
1782320729079,Forge,CAPTURE_ON,1,World Flythrough,39.30,25.44,9.49,N/A,2807.30,N/A,0,0,0,0
1782320729104,Forge,CAPTURE_ON,1,World Flythrough,40.66,24.60,9.49,N/A,2807.30,N/A,0,0,0,0
1782320729129,Forge,CAPTURE_ON,1,World Flythrough,40.08,24.95,9.49,N/A,2807.30,N/A,0,0,0,0
1782320729156,Forge,CAPTURE_ON,1,World Flythrough,37.84,26.43,9.49,N/A,2807.30,N/A,0,0,0,0
1782320729179,Forge,CAPTURE_ON,1,World Flythrough,42.51,23.52,9.49,N/A,2807.30,N/A,0,0,0,0
1782320729204,Forge,CAPTURE_ON,1,World Flythrough,39.49,25.32,9.49,N/A,2807.30,N/A,0,0,0,0
1782320729273,Forge,CAPTURE_ON,1,World Flythrough,41.00,24.39,7.49,N/A,3111.31,N/A,0,0,0,0
1782320729301,Forge,CAPTURE_ON,1,World Flythrough,13.86,72.16,7.49,N/A,3111.31,N/A,0,0,0,0
1782320729320,Forge,CAPTURE_ON,1,World Flythrough,52.12,19.19,7.49,N/A,3111.31,N/A,0,0,0,0
1782320729350,Forge,CAPTURE_ON,1,World Flythrough,33.14,30.17,7.49,N/A,3111.31,N/A,0,0,0,0
1782320729369,Forge,CAPTURE_ON,1,World Flythrough,52.40,19.08,7.49,N/A,3111.31,N/A,0,0,0,0
1782320729403,Forge,CAPTURE_ON,1,World Flythrough,29.81,33.55,7.49,N/A,3111.31,N/A,0,0,0,0
1782320729419,Forge,CAPTURE_ON,1,World Flythrough,61.09,16.37,7.49,N/A,3111.31,N/A,0,0,0,0
1782320729453,Forge,CAPTURE_ON,1,World Flythrough,29.34,34.09,7.49,N/A,3111.31,N/A,0,0,0,0
1782320729477,Forge,CAPTURE_ON,1,World Flythrough,41.84,23.90,7.49,N/A,3111.31,N/A,0,0,0,0
1782320729503,Forge,CAPTURE_ON,1,World Flythrough,38.07,26.27,7.49,N/A,3111.31,N/A,0,0,0,0
1782320729528,Forge,CAPTURE_ON,1,World Flythrough,41.18,24.29,7.49,N/A,3111.31,N/A,0,0,0,0
1782320729553,Forge,CAPTURE_ON,1,World Flythrough,39.52,25.30,7.49,N/A,3111.31,N/A,0,0,0,0
1782320729577,Forge,CAPTURE_ON,1,World Flythrough,41.24,24.25,7.49,N/A,3111.31,N/A,0,0,0,0
1782320729606,Forge,CAPTURE_ON,1,World Flythrough,35.03,28.55,7.49,N/A,3111.31,N/A,0,0,0,0
1782320729627,Forge,CAPTURE_ON,1,World Flythrough,46.51,21.50,7.49,N/A,3111.31,N/A,0,0,0,0
1782320729655,Forge,CAPTURE_ON,1,World Flythrough,36.26,27.58,7.49,N/A,3111.31,N/A,0,0,0,0
1782320729679,Forge,CAPTURE_ON,1,World Flythrough,42.55,23.50,7.49,N/A,3111.31,N/A,0,0,0,0
1782320729714,Forge,CAPTURE_ON,1,World Flythrough,28.34,35.28,7.49,N/A,3111.31,N/A,0,0,0,0
1782320729743,Forge,CAPTURE_ON,1,World Flythrough,33.37,29.97,7.49,N/A,3111.31,N/A,0,0,0,0
1782320729764,Forge,CAPTURE_ON,1,World Flythrough,48.21,20.74,7.49,N/A,3111.31,N/A,0,0,0,0
1782320729795,Forge,CAPTURE_ON,1,World Flythrough,32.23,31.03,7.49,N/A,3111.31,N/A,0,0,0,0
1782320729813,Forge,CAPTURE_ON,1,World Flythrough,58.22,17.18,7.49,N/A,3111.31,N/A,0,0,0,0
1782320729842,Forge,CAPTURE_ON,1,World Flythrough,33.68,29.69,7.49,N/A,3111.31,N/A,0,0,0,0
1782320729862,Forge,CAPTURE_ON,1,World Flythrough,50.95,19.63,7.49,N/A,3111.31,N/A,0,0,0,0
1782320729893,Forge,CAPTURE_ON,1,World Flythrough,32.70,30.58,7.49,N/A,3111.31,N/A,0,0,0,0
1782320729912,Forge,CAPTURE_ON,1,World Flythrough,51.31,19.49,7.49,N/A,3111.31,N/A,0,0,0,0
1782320729944,Forge,CAPTURE_ON,1,World Flythrough,31.37,31.87,7.49,N/A,3111.31,N/A,0,0,0,0
1782320729964,Forge,CAPTURE_ON,1,World Flythrough,49.29,20.29,7.49,N/A,3111.31,N/A,0,0,0,0
1782320729993,Forge,CAPTURE_ON,1,World Flythrough,34.47,29.01,7.49,N/A,3111.31,N/A,0,0,0,0
1782320730012,Forge,CAPTURE_ON,1,World Flythrough,53.57,18.67,7.49,N/A,3111.31,N/A,0,0,0,0
1782320730042,Forge,CAPTURE_ON,1,World Flythrough,33.25,30.08,7.49,N/A,3111.31,N/A,0,0,0,0
1782320730062,Forge,CAPTURE_ON,1,World Flythrough,49.83,20.07,7.49,N/A,3111.31,N/A,0,0,0,0
1782320730093,Forge,CAPTURE_ON,1,World Flythrough,32.17,31.09,7.49,N/A,3111.31,N/A,0,0,0,0
1782320730113,Forge,CAPTURE_ON,1,World Flythrough,51.59,19.38,7.49,N/A,3111.31,N/A,0,0,0,0
1782320730144,Forge,CAPTURE_ON,1,World Flythrough,31.33,31.92,7.49,N/A,3111.31,N/A,0,0,0,0
1782320730162,Forge,CAPTURE_ON,1,World Flythrough,55.03,18.17,7.49,N/A,3111.31,N/A,0,0,0,0
1782320730192,Forge,CAPTURE_ON,1,World Flythrough,33.28,30.05,7.49,N/A,3111.31,N/A,0,0,0,0
1782320730212,Forge,CAPTURE_ON,1,World Flythrough,51.44,19.44,7.49,N/A,3111.31,N/A,0,0,0,0
1782320730287,Forge,CAPTURE_ON,1,World Flythrough,32.77,30.52,9.81,N/A,3445.83,N/A,0,0,0,0
1782320730309,Forge,CAPTURE_ON,1,World Flythrough,15.00,66.65,9.81,N/A,3445.83,N/A,0,0,0,0
1782320730335,Forge,CAPTURE_ON,1,World Flythrough,39.15,25.55,9.81,N/A,3445.83,N/A,0,0,0,0
1782320730359,Forge,CAPTURE_ON,1,World Flythrough,41.19,24.28,9.81,N/A,3445.83,N/A,0,0,0,0
1782320730384,Forge,CAPTURE_ON,1,World Flythrough,39.72,25.18,9.81,N/A,3445.83,N/A,0,0,0,0
1782320730410,Forge,CAPTURE_ON,1,World Flythrough,39.27,25.46,9.81,N/A,3445.83,N/A,0,0,0,0
1782320730434,Forge,CAPTURE_ON,1,World Flythrough,40.74,24.54,9.81,N/A,3445.83,N/A,0,0,0,0
1782320730459,Forge,CAPTURE_ON,1,World Flythrough,40.31,24.81,9.81,N/A,3445.83,N/A,0,0,0,0
1782320730484,Forge,CAPTURE_ON,1,World Flythrough,39.60,25.25,9.81,N/A,3445.83,N/A,0,0,0,0
1782320730509,Forge,CAPTURE_ON,1,World Flythrough,40.69,24.58,9.81,N/A,3445.83,N/A,0,0,0,0
1782320730535,Forge,CAPTURE_ON,1,World Flythrough,38.84,25.75,9.81,N/A,3445.83,N/A,0,0,0,0
1782320730560,Forge,CAPTURE_ON,1,World Flythrough,38.85,25.74,9.81,N/A,3445.83,N/A,0,0,0,0
1782320730586,Forge,CAPTURE_ON,1,World Flythrough,39.75,25.16,9.81,N/A,3445.83,N/A,0,0,0,0
1782320730609,Forge,CAPTURE_ON,1,World Flythrough,42.87,23.33,9.81,N/A,3445.83,N/A,0,0,0,0
1782320730633,Forge,CAPTURE_ON,1,World Flythrough,39.72,25.18,9.81,N/A,3445.83,N/A,0,0,0,0
1782320730659,Forge,CAPTURE_ON,1,World Flythrough,39.61,25.25,9.81,N/A,3445.83,N/A,0,0,0,0
1782320730684,Forge,CAPTURE_ON,1,World Flythrough,40.61,24.63,9.81,N/A,3445.83,N/A,0,0,0,0
1782320730709,Forge,CAPTURE_ON,1,World Flythrough,39.10,25.57,9.81,N/A,3445.83,N/A,0,0,0,0
1782320730734,Forge,CAPTURE_ON,1,World Flythrough,40.15,24.91,9.81,N/A,3445.83,N/A,0,0,0,0
1782320730759,Forge,CAPTURE_ON,1,World Flythrough,40.23,24.86,9.81,N/A,3445.83,N/A,0,0,0,0
1782320730785,Forge,CAPTURE_ON,1,World Flythrough,39.49,25.32,9.81,N/A,3445.83,N/A,0,0,0,0
1782320730809,Forge,CAPTURE_ON,1,World Flythrough,41.39,24.16,9.81,N/A,3445.83,N/A,0,0,0,0
1782320730834,Forge,CAPTURE_ON,1,World Flythrough,39.92,25.05,9.81,N/A,3445.83,N/A,0,0,0,0
1782320730859,Forge,CAPTURE_ON,1,World Flythrough,39.27,25.46,9.81,N/A,3445.83,N/A,0,0,0,0
1782320730884,Forge,CAPTURE_ON,1,World Flythrough,40.92,24.44,9.81,N/A,3445.83,N/A,0,0,0,0
1782320730909,Forge,CAPTURE_ON,1,World Flythrough,39.46,25.34,9.81,N/A,3445.83,N/A,0,0,0,0
1782320730934,Forge,CAPTURE_ON,1,World Flythrough,39.63,25.23,9.81,N/A,3445.83,N/A,0,0,0,0
1782320730960,Forge,CAPTURE_ON,1,World Flythrough,38.09,26.25,9.81,N/A,3445.83,N/A,0,0,0,0
1782320730985,Forge,CAPTURE_ON,1,World Flythrough,40.32,24.80,9.81,N/A,3445.83,N/A,0,0,0,0
1782320731009,Forge,CAPTURE_ON,1,World Flythrough,41.93,23.85,9.81,N/A,3445.83,N/A,0,0,0,0
1782320731034,Forge,CAPTURE_ON,1,World Flythrough,40.45,24.72,9.81,N/A,3445.83,N/A,0,0,0,0
1782320731058,Forge,CAPTURE_ON,1,World Flythrough,40.47,24.71,9.81,N/A,3445.83,N/A,0,0,0,0
1782320731084,Forge,CAPTURE_ON,1,World Flythrough,38.87,25.72,9.81,N/A,3445.83,N/A,0,0,0,0
1782320731109,Forge,CAPTURE_ON,1,World Flythrough,39.80,25.13,9.81,N/A,3445.83,N/A,0,0,0,0
1782320731134,Forge,CAPTURE_ON,1,World Flythrough,40.52,24.68,9.81,N/A,3445.83,N/A,0,0,0,0
1782320731168,Forge,CAPTURE_ON,1,World Flythrough,29.41,34.00,9.81,N/A,3445.83,N/A,0,0,0,0
1782320731201,Forge,CAPTURE_ON,1,World Flythrough,30.13,33.19,9.81,N/A,3445.83,N/A,0,0,0,0
1782320731218,Forge,CAPTURE_ON,1,World Flythrough,57.60,17.36,9.81,N/A,3445.83,N/A,0,0,0,0
1782320731295,Forge,CAPTURE_ON,1,World Flythrough,31.73,31.51,11.20,N/A,3923.30,N/A,0,0,0,0
1782320731317,Forge,CAPTURE_ON,1,World Flythrough,14.84,67.36,11.20,N/A,3923.30,N/A,0,0,0,0
1782320731351,Forge,CAPTURE_ON,1,World Flythrough,29.63,33.74,11.20,N/A,3923.30,N/A,0,0,0,0
1782320731369,Forge,CAPTURE_ON,1,World Flythrough,55.62,17.98,11.20,N/A,3923.30,N/A,0,0,0,0
1782320731398,Forge,CAPTURE_ON,1,World Flythrough,34.72,28.80,11.20,N/A,3923.30,N/A,0,0,0,0
1782320731419,Forge,CAPTURE_ON,1,World Flythrough,48.09,20.79,11.20,N/A,3923.30,N/A,0,0,0,0
1782320731450,Forge,CAPTURE_ON,1,World Flythrough,32.77,30.52,11.20,N/A,3923.30,N/A,0,0,0,0
1782320731469,Forge,CAPTURE_ON,1,World Flythrough,51.49,19.42,11.20,N/A,3923.30,N/A,0,0,0,0
1782320731499,Forge,CAPTURE_ON,1,World Flythrough,33.40,29.94,11.20,N/A,3923.30,N/A,0,0,0,0
1782320731518,Forge,CAPTURE_ON,1,World Flythrough,52.27,19.13,11.20,N/A,3923.30,N/A,0,0,0,0
1782320731549,Forge,CAPTURE_ON,1,World Flythrough,31.99,31.26,11.20,N/A,3923.30,N/A,0,0,0,0
1782320731568,Forge,CAPTURE_ON,1,World Flythrough,53.90,18.55,11.20,N/A,3923.30,N/A,0,0,0,0
1782320731598,Forge,CAPTURE_ON,1,World Flythrough,32.88,30.42,11.20,N/A,3923.30,N/A,0,0,0,0
1782320731618,Forge,CAPTURE_ON,1,World Flythrough,50.59,19.77,11.20,N/A,3923.30,N/A,0,0,0,0
1782320731650,Forge,CAPTURE_ON,1,World Flythrough,30.88,32.39,11.20,N/A,3923.30,N/A,0,0,0,0
1782320731668,Forge,CAPTURE_ON,1,World Flythrough,54.35,18.40,11.20,N/A,3923.30,N/A,0,0,0,0
1782320731698,Forge,CAPTURE_ON,1,World Flythrough,33.19,30.13,11.20,N/A,3923.30,N/A,0,0,0,0
1782320731718,Forge,CAPTURE_ON,1,World Flythrough,52.28,19.13,11.20,N/A,3923.30,N/A,0,0,0,0
1782320731749,Forge,CAPTURE_ON,1,World Flythrough,32.47,30.80,11.20,N/A,3923.30,N/A,0,0,0,0
1782320731767,Forge,CAPTURE_ON,1,World Flythrough,54.09,18.49,11.20,N/A,3923.30,N/A,0,0,0,0
1782320731797,Forge,CAPTURE_ON,1,World Flythrough,33.37,29.97,11.20,N/A,3923.30,N/A,0,0,0,0
1782320731817,Forge,CAPTURE_ON,1,World Flythrough,49.93,20.03,11.20,N/A,3923.30,N/A,0,0,0,0
1782320731848,Forge,CAPTURE_ON,1,World Flythrough,31.78,31.47,11.20,N/A,3923.30,N/A,0,0,0,0
1782320731867,Forge,CAPTURE_ON,1,World Flythrough,53.24,18.78,11.20,N/A,3923.30,N/A,0,0,0,0
1782320731899,Forge,CAPTURE_ON,1,World Flythrough,31.60,31.64,11.20,N/A,3923.30,N/A,0,0,0,0
1782320731918,Forge,CAPTURE_ON,1,World Flythrough,52.98,18.88,11.20,N/A,3923.30,N/A,0,0,0,0
1782320731949,Forge,CAPTURE_ON,1,World Flythrough,32.35,30.91,11.20,N/A,3923.30,N/A,0,0,0,0
1782320731967,Forge,CAPTURE_ON,1,World Flythrough,53.67,18.63,11.20,N/A,3923.30,N/A,0,0,0,0
1782320731999,Forge,CAPTURE_ON,1,World Flythrough,32.13,31.12,11.20,N/A,3923.30,N/A,0,0,0,0
1782320732017,Forge,CAPTURE_ON,1,World Flythrough,54.02,18.51,11.20,N/A,3923.30,N/A,0,0,0,0
1782320732049,Forge,CAPTURE_ON,1,World Flythrough,31.76,31.49,11.20,N/A,3923.30,N/A,0,0,0,0
1782320732068,Forge,CAPTURE_ON,1,World Flythrough,52.24,19.14,11.20,N/A,3923.30,N/A,0,0,0,0
1782320732098,Forge,CAPTURE_ON,1,World Flythrough,32.86,30.43,11.20,N/A,3923.30,N/A,0,0,0,0
1782320732118,Forge,CAPTURE_ON,1,World Flythrough,50.87,19.66,11.20,N/A,3923.30,N/A,0,0,0,0
1782320732149,Forge,CAPTURE_ON,1,World Flythrough,32.18,31.08,11.20,N/A,3923.30,N/A,0,0,0,0
1782320732169,Forge,CAPTURE_ON,1,World Flythrough,50.01,20.00,11.20,N/A,3923.30,N/A,0,0,0,0
1782320732199,Forge,CAPTURE_ON,1,World Flythrough,33.27,30.06,11.20,N/A,3923.30,N/A,0,0,0,0
1782320732218,Forge,CAPTURE_ON,1,World Flythrough,53.98,18.52,11.20,N/A,3923.30,N/A,0,0,0,0
1782320732249,Forge,CAPTURE_ON,1,World Flythrough,32.10,31.15,11.20,N/A,3923.30,N/A,0,0,0,0
1782320732322,Forge,CAPTURE_ON,1,World Flythrough,52.55,19.03,7.96,N/A,4141.81,N/A,0,0,0,0
1782320732349,Forge,CAPTURE_ON,1,World Flythrough,12.32,81.17,7.96,N/A,4141.81,N/A,0,0,0,0
1782320732370,Forge,CAPTURE_ON,1,World Flythrough,48.44,20.64,7.96,N/A,4141.81,N/A,0,0,0,0
1782320732399,Forge,CAPTURE_ON,1,World Flythrough,33.65,29.71,7.96,N/A,4141.81,N/A,0,0,0,0
1782320732419,Forge,CAPTURE_ON,1,World Flythrough,50.81,19.68,7.96,N/A,4141.81,N/A,0,0,0,0
1782320732453,Forge,CAPTURE_ON,1,World Flythrough,29.16,34.29,7.96,N/A,4141.81,N/A,0,0,0,0
1782320732469,Forge,CAPTURE_ON,1,World Flythrough,60.27,16.59,7.96,N/A,4141.81,N/A,0,0,0,0
1782320732506,Forge,CAPTURE_ON,1,World Flythrough,27.93,35.81,7.96,N/A,4141.81,N/A,0,0,0,0
1782320732527,Forge,CAPTURE_ON,1,World Flythrough,46.89,21.32,7.96,N/A,4141.81,N/A,0,0,0,0
1782320732554,Forge,CAPTURE_ON,1,World Flythrough,36.51,27.39,7.96,N/A,4141.81,N/A,0,0,0,0
1782320732577,Forge,CAPTURE_ON,1,World Flythrough,43.30,23.10,7.96,N/A,4141.81,N/A,0,0,0,0
1782320732603,Forge,CAPTURE_ON,1,World Flythrough,38.36,26.07,7.96,N/A,4141.81,N/A,0,0,0,0
1782320732628,Forge,CAPTURE_ON,1,World Flythrough,40.88,24.46,7.96,N/A,4141.81,N/A,0,0,0,0
1782320732654,Forge,CAPTURE_ON,1,World Flythrough,37.34,26.78,7.96,N/A,4141.81,N/A,0,0,0,0
1782320732677,Forge,CAPTURE_ON,1,World Flythrough,45.70,21.88,7.96,N/A,4141.81,N/A,0,0,0,0
1782320732705,Forge,CAPTURE_ON,1,World Flythrough,34.36,29.10,7.96,N/A,4141.81,N/A,0,0,0,0
1782320732728,Forge,CAPTURE_ON,1,World Flythrough,44.75,22.35,7.96,N/A,4141.81,N/A,0,0,0,0
1782320732755,Forge,CAPTURE_ON,1,World Flythrough,36.58,27.34,7.96,N/A,4141.81,N/A,0,0,0,0
1782320732777,Forge,CAPTURE_ON,1,World Flythrough,46.48,21.52,7.96,N/A,4141.81,N/A,0,0,0,0
1782320732804,Forge,CAPTURE_ON,1,World Flythrough,36.92,27.09,7.96,N/A,4141.81,N/A,0,0,0,0
1782320732828,Forge,CAPTURE_ON,1,World Flythrough,40.84,24.49,7.96,N/A,4141.81,N/A,0,0,0,0
1782320732855,Forge,CAPTURE_ON,1,World Flythrough,38.43,26.02,7.96,N/A,4141.81,N/A,0,0,0,0
1782320732878,Forge,CAPTURE_ON,1,World Flythrough,43.49,22.99,7.96,N/A,4141.81,N/A,0,0,0,0
1782320732905,Forge,CAPTURE_ON,1,World Flythrough,36.41,27.47,7.96,N/A,4141.81,N/A,0,0,0,0
1782320732927,Forge,CAPTURE_ON,1,World Flythrough,45.64,21.91,7.96,N/A,4141.81,N/A,0,0,0,0
1782320732953,Forge,CAPTURE_ON,1,World Flythrough,37.86,26.41,7.96,N/A,4141.81,N/A,0,0,0,0
1782320732976,Forge,CAPTURE_ON,1,World Flythrough,42.75,23.39,7.96,N/A,4141.81,N/A,0,0,0,0
1782320738043,Forge,CAPTURE_OFF,2,World Flythrough,39.13,25.56,48.38,N/A,3131.73,N/A,0,0,0,0
1782320738064,Forge,CAPTURE_OFF,2,World Flythrough,17.56,56.95,48.38,N/A,3131.73,N/A,0,0,0,0
1782320738094,Forge,CAPTURE_OFF,2,World Flythrough,33.28,30.04,48.38,N/A,3131.73,N/A,0,0,0,0
1782320738114,Forge,CAPTURE_OFF,2,World Flythrough,49.71,20.12,48.38,N/A,3131.73,N/A,0,0,0,0
1782320738145,Forge,CAPTURE_OFF,2,World Flythrough,33.00,30.31,48.38,N/A,3131.73,N/A,0,0,0,0
1782320738165,Forge,CAPTURE_OFF,2,World Flythrough,47.90,20.88,48.38,N/A,3131.73,N/A,0,0,0,0
1782320738195,Forge,CAPTURE_OFF,2,World Flythrough,33.92,29.48,48.38,N/A,3131.73,N/A,0,0,0,0
1782320738214,Forge,CAPTURE_OFF,2,World Flythrough,51.40,19.46,48.38,N/A,3131.73,N/A,0,0,0,0
1782320738246,Forge,CAPTURE_OFF,2,World Flythrough,32.49,30.78,48.38,N/A,3131.73,N/A,0,0,0,0
1782320738265,Forge,CAPTURE_OFF,2,World Flythrough,51.42,19.45,48.38,N/A,3131.73,N/A,0,0,0,0
1782320738295,Forge,CAPTURE_OFF,2,World Flythrough,32.81,30.48,48.38,N/A,3131.73,N/A,0,0,0,0
1782320738315,Forge,CAPTURE_OFF,2,World Flythrough,51.52,19.41,48.38,N/A,3131.73,N/A,0,0,0,0
1782320738345,Forge,CAPTURE_OFF,2,World Flythrough,33.07,30.24,48.38,N/A,3131.73,N/A,0,0,0,0
1782320738365,Forge,CAPTURE_OFF,2,World Flythrough,49.25,20.30,48.38,N/A,3131.73,N/A,0,0,0,0
1782320738396,Forge,CAPTURE_OFF,2,World Flythrough,32.94,30.36,48.38,N/A,3131.73,N/A,0,0,0,0
1782320738415,Forge,CAPTURE_OFF,2,World Flythrough,51.54,19.40,48.38,N/A,3131.73,N/A,0,0,0,0
1782320738446,Forge,CAPTURE_OFF,2,World Flythrough,32.37,30.89,48.38,N/A,3131.73,N/A,0,0,0,0
1782320738465,Forge,CAPTURE_OFF,2,World Flythrough,52.61,19.01,48.38,N/A,3131.73,N/A,0,0,0,0
1782320738497,Forge,CAPTURE_OFF,2,World Flythrough,30.65,32.62,48.38,N/A,3131.73,N/A,0,0,0,0
1782320738539,Forge,CAPTURE_OFF,2,World Flythrough,23.77,42.08,48.38,N/A,3131.73,N/A,0,0,0,0
1782320738587,Forge,CAPTURE_OFF,2,World Flythrough,21.07,47.46,48.38,N/A,3131.73,N/A,0,0,0,0
1782320738627,Forge,CAPTURE_OFF,2,World Flythrough,25.25,39.60,48.38,N/A,3131.73,N/A,0,0,0,0
1782320738656,Forge,CAPTURE_OFF,2,World Flythrough,33.91,29.49,48.38,N/A,3131.73,N/A,0,0,0,0
1782320738678,Forge,CAPTURE_OFF,2,World Flythrough,44.95,22.25,48.38,N/A,3131.73,N/A,0,0,0,0
1782320738711,Forge,CAPTURE_OFF,2,World Flythrough,30.33,32.97,48.38,N/A,3131.73,N/A,0,0,0,0
1782320738738,Forge,CAPTURE_OFF,2,World Flythrough,37.30,26.81,48.38,N/A,3131.73,N/A,0,0,0,0
1782320738945,Forge,CAPTURE_OFF,2,World Flythrough,4.84,206.82,48.38,N/A,3131.73,N/A,0,0,0,0
1782320739067,Forge,CAPTURE_OFF,2,World Flythrough,15.87,62.99,24.55,N/A,3887.14,N/A,0,0,0,0
1782320739136,Forge,CAPTURE_OFF,2,World Flythrough,7.83,127.70,24.55,N/A,3887.14,N/A,0,0,0,0
1782320739183,Forge,CAPTURE_OFF,2,World Flythrough,21.25,47.07,24.55,N/A,3887.14,N/A,0,0,0,0
1782320739230,Forge,CAPTURE_OFF,2,World Flythrough,21.17,47.24,24.55,N/A,3887.14,N/A,0,0,0,0
1782320739284,Forge,CAPTURE_OFF,2,World Flythrough,18.69,53.51,24.55,N/A,3887.14,N/A,0,0,0,0
1782320739334,Forge,CAPTURE_OFF,2,World Flythrough,19.66,50.87,24.55,N/A,3887.14,N/A,0,0,0,0
1782320739379,Forge,CAPTURE_OFF,2,World Flythrough,22.23,44.99,24.55,N/A,3887.14,N/A,0,0,0,0
1782320739438,Forge,CAPTURE_OFF,2,World Flythrough,17.00,58.82,24.55,N/A,3887.14,N/A,0,0,0,0
1782320739475,Forge,CAPTURE_OFF,2,World Flythrough,26.86,37.24,24.55,N/A,3887.14,N/A,0,0,0,0
1782320739509,Forge,CAPTURE_OFF,2,World Flythrough,29.98,33.36,24.55,N/A,3887.14,N/A,0,0,0,0
1782320739537,Forge,CAPTURE_OFF,2,World Flythrough,35.16,28.44,24.55,N/A,3887.14,N/A,0,0,0,0
1782320739571,Forge,CAPTURE_OFF,2,World Flythrough,29.30,34.13,24.55,N/A,3887.14,N/A,0,0,0,0
1782320739605,Forge,CAPTURE_OFF,2,World Flythrough,29.48,33.92,24.55,N/A,3887.14,N/A,0,0,0,0
1782320739631,Forge,CAPTURE_OFF,2,World Flythrough,38.23,26.15,24.55,N/A,3887.14,N/A,0,0,0,0
1782320739665,Forge,CAPTURE_OFF,2,World Flythrough,29.71,33.66,24.55,N/A,3887.14,N/A,0,0,0,0
1782320739704,Forge,CAPTURE_OFF,2,World Flythrough,25.52,39.19,24.55,N/A,3887.14,N/A,0,0,0,0
1782320739734,Forge,CAPTURE_OFF,2,World Flythrough,33.70,29.68,24.55,N/A,3887.14,N/A,0,0,0,0
1782320739769,Forge,CAPTURE_OFF,2,World Flythrough,28.26,35.39,24.55,N/A,3887.14,N/A,0,0,0,0
1782320739806,Forge,CAPTURE_OFF,2,World Flythrough,27.56,36.28,24.55,N/A,3887.14,N/A,0,0,0,0
1782320739829,Forge,CAPTURE_OFF,2,World Flythrough,42.09,23.76,24.55,N/A,3887.14,N/A,0,0,0,0
1782320739863,Forge,CAPTURE_OFF,2,World Flythrough,29.47,33.94,24.55,N/A,3887.14,N/A,0,0,0,0
1782320739886,Forge,CAPTURE_OFF,2,World Flythrough,45.05,22.20,24.55,N/A,3887.14,N/A,0,0,0,0
1782320739918,Forge,CAPTURE_OFF,2,World Flythrough,30.54,32.74,24.55,N/A,3887.14,N/A,0,0,0,0
1782320739948,Forge,CAPTURE_OFF,2,World Flythrough,33.32,30.01,24.55,N/A,3887.14,N/A,0,0,0,0
1782320739967,Forge,CAPTURE_OFF,2,World Flythrough,52.80,18.94,24.55,N/A,3887.14,N/A,0,0,0,0
1782320740000,Forge,CAPTURE_OFF,2,World Flythrough,30.33,32.97,24.55,N/A,3887.14,N/A,0,0,0,0
1782320740067,Forge,CAPTURE_OFF,2,World Flythrough,54.37,18.39,66.24,N/A,3231.95,N/A,0,0,0,0
1782320740099,Forge,CAPTURE_OFF,2,World Flythrough,12.37,80.84,66.24,N/A,3231.95,N/A,0,0,0,0
1782320740114,Forge,CAPTURE_OFF,2,World Flythrough,66.70,14.99,66.24,N/A,3231.95,N/A,0,0,0,0
1782320740151,Forge,CAPTURE_OFF,2,World Flythrough,27.05,36.97,66.24,N/A,3231.95,N/A,0,0,0,0
1782320740172,Forge,CAPTURE_OFF,2,World Flythrough,47.95,20.86,66.24,N/A,3231.95,N/A,0,0,0,0
1782320740197,Forge,CAPTURE_OFF,2,World Flythrough,38.70,25.84,66.24,N/A,3231.95,N/A,0,0,0,0
1782320740223,Forge,CAPTURE_OFF,2,World Flythrough,40.50,24.69,66.24,N/A,3231.95,N/A,0,0,0,0
1782320740247,Forge,CAPTURE_OFF,2,World Flythrough,40.00,25.00,66.24,N/A,3231.95,N/A,0,0,0,0
1782320740274,Forge,CAPTURE_OFF,2,World Flythrough,38.87,25.73,66.24,N/A,3231.95,N/A,0,0,0,0
1782320740300,Forge,CAPTURE_OFF,2,World Flythrough,37.64,26.57,66.24,N/A,3231.95,N/A,0,0,0,0
1782320740323,Forge,CAPTURE_OFF,2,World Flythrough,43.62,22.93,66.24,N/A,3231.95,N/A,0,0,0,0
1782320740349,Forge,CAPTURE_OFF,2,World Flythrough,38.56,25.93,66.24,N/A,3231.95,N/A,0,0,0,0
1782320740372,Forge,CAPTURE_OFF,2,World Flythrough,42.31,23.64,66.24,N/A,3231.95,N/A,0,0,0,0
1782320740397,Forge,CAPTURE_OFF,2,World Flythrough,39.96,25.03,66.24,N/A,3231.95,N/A,0,0,0,0
1782320740422,Forge,CAPTURE_OFF,2,World Flythrough,40.60,24.63,66.24,N/A,3231.95,N/A,0,0,0,0
1782320740449,Forge,CAPTURE_OFF,2,World Flythrough,37.43,26.72,66.24,N/A,3231.95,N/A,0,0,0,0
1782320740473,Forge,CAPTURE_OFF,2,World Flythrough,41.33,24.20,66.24,N/A,3231.95,N/A,0,0,0,0
1782320740500,Forge,CAPTURE_OFF,2,World Flythrough,36.82,27.16,66.24,N/A,3231.95,N/A,0,0,0,0
1782320740523,Forge,CAPTURE_OFF,2,World Flythrough,44.05,22.70,66.24,N/A,3231.95,N/A,0,0,0,0
1782320740552,Forge,CAPTURE_OFF,2,World Flythrough,34.79,28.74,66.24,N/A,3231.95,N/A,0,0,0,0
1782320740573,Forge,CAPTURE_OFF,2,World Flythrough,46.61,21.45,66.24,N/A,3231.95,N/A,0,0,0,0
1782320740599,Forge,CAPTURE_OFF,2,World Flythrough,38.54,25.95,66.24,N/A,3231.95,N/A,0,0,0,0
1782320740623,Forge,CAPTURE_OFF,2,World Flythrough,41.62,24.03,66.24,N/A,3231.95,N/A,0,0,0,0
1782320740651,Forge,CAPTURE_OFF,2,World Flythrough,35.47,28.19,66.24,N/A,3231.95,N/A,0,0,0,0
1782320740673,Forge,CAPTURE_OFF,2,World Flythrough,44.98,22.23,66.24,N/A,3231.95,N/A,0,0,0,0
1782320740698,Forge,CAPTURE_OFF,2,World Flythrough,39.71,25.18,66.24,N/A,3231.95,N/A,0,0,0,0
1782320740723,Forge,CAPTURE_OFF,2,World Flythrough,40.76,24.53,66.24,N/A,3231.95,N/A,0,0,0,0
1782320740752,Forge,CAPTURE_OFF,2,World Flythrough,34.16,29.28,66.24,N/A,3231.95,N/A,0,0,0,0
1782320740773,Forge,CAPTURE_OFF,2,World Flythrough,48.21,20.74,66.24,N/A,3231.95,N/A,0,0,0,0
1782320740802,Forge,CAPTURE_OFF,2,World Flythrough,34.80,28.73,66.24,N/A,3231.95,N/A,0,0,0,0
1782320740823,Forge,CAPTURE_OFF,2,World Flythrough,47.76,20.94,66.24,N/A,3231.95,N/A,0,0,0,0
1782320740850,Forge,CAPTURE_OFF,2,World Flythrough,36.40,27.47,66.24,N/A,3231.95,N/A,0,0,0,0
1782320740873,Forge,CAPTURE_OFF,2,World Flythrough,43.27,23.11,66.24,N/A,3231.95,N/A,0,0,0,0
1782320740900,Forge,CAPTURE_OFF,2,World Flythrough,37.59,26.60,66.24,N/A,3231.95,N/A,0,0,0,0
1782320740924,Forge,CAPTURE_OFF,2,World Flythrough,42.06,23.77,66.24,N/A,3231.95,N/A,0,0,0,0
1782320740956,Forge,CAPTURE_OFF,2,World Flythrough,31.57,31.68,66.24,N/A,3231.95,N/A,0,0,0,0
1782320740981,Forge,CAPTURE_OFF,2,World Flythrough,38.95,25.67,66.24,N/A,3231.95,N/A,0,0,0,0
1782320741017,Forge,CAPTURE_OFF,2,World Flythrough,27.89,35.85,66.24,N/A,3231.95,N/A,0,0,0,0
1782320741106,Forge,CAPTURE_OFF,2,World Flythrough,26.19,38.18,25.19,N/A,4226.11,N/A,0,0,0,0
1782320741188,Forge,CAPTURE_OFF,2,World Flythrough,7.53,132.77,25.19,N/A,4226.11,N/A,0,0,0,0
1782320741238,Forge,CAPTURE_OFF,2,World Flythrough,20.10,49.76,25.19,N/A,4226.11,N/A,0,0,0,0
1782320741281,Forge,CAPTURE_OFF,2,World Flythrough,23.07,43.35,25.19,N/A,4226.11,N/A,0,0,0,0
1782320741324,Forge,CAPTURE_OFF,2,World Flythrough,23.37,42.79,25.19,N/A,4226.11,N/A,0,0,0,0
1782320741360,Forge,CAPTURE_OFF,2,World Flythrough,27.43,36.46,25.19,N/A,4226.11,N/A,0,0,0,0
1782320741424,Forge,CAPTURE_OFF,2,World Flythrough,15.76,63.44,25.19,N/A,4226.11,N/A,0,0,0,0
1782320741468,Forge,CAPTURE_OFF,2,World Flythrough,22.50,44.44,25.19,N/A,4226.11,N/A,0,0,0,0
1782320741508,Forge,CAPTURE_OFF,2,World Flythrough,25.38,39.40,25.19,N/A,4226.11,N/A,0,0,0,0
1782320741541,Forge,CAPTURE_OFF,2,World Flythrough,29.98,33.35,25.19,N/A,4226.11,N/A,0,0,0,0
1782320741587,Forge,CAPTURE_OFF,2,World Flythrough,21.48,46.56,25.19,N/A,4226.11,N/A,0,0,0,0
1782320741631,Forge,CAPTURE_OFF,2,World Flythrough,23.05,43.39,25.19,N/A,4226.11,N/A,0,0,0,0
1782320741674,Forge,CAPTURE_OFF,2,World Flythrough,23.14,43.21,25.19,N/A,4226.11,N/A,0,0,0,0
1782320741721,Forge,CAPTURE_OFF,2,World Flythrough,21.08,47.45,25.19,N/A,4226.11,N/A,0,0,0,0
1782320741762,Forge,CAPTURE_OFF,2,World Flythrough,24.45,40.89,25.19,N/A,4226.11,N/A,0,0,0,0
1782320741810,Forge,CAPTURE_OFF,2,World Flythrough,21.23,47.10,25.19,N/A,4226.11,N/A,0,0,0,0
1782320741859,Forge,CAPTURE_OFF,2,World Flythrough,20.26,49.35,25.19,N/A,4226.11,N/A,0,0,0,0
1782320741889,Forge,CAPTURE_OFF,2,World Flythrough,33.15,30.17,25.19,N/A,4226.11,N/A,0,0,0,0
1782320741933,Forge,CAPTURE_OFF,2,World Flythrough,23.02,43.45,25.19,N/A,4226.11,N/A,0,0,0,0
1782320741970,Forge,CAPTURE_OFF,2,World Flythrough,26.61,37.58,25.19,N/A,4226.11,N/A,0,0,0,0
1782320742016,Forge,CAPTURE_OFF,2,World Flythrough,21.62,46.26,25.19,N/A,4226.11,N/A,0,0,0,0
1782320742110,Forge,CAPTURE_OFF,2,World Flythrough,23.01,43.46,57.68,N/A,4069.82,N/A,0,0,0,0
1782320742158,Forge,CAPTURE_OFF,2,World Flythrough,10.20,98.06,57.68,N/A,4069.82,N/A,0,0,0,0
1782320742186,Forge,CAPTURE_OFF,2,World Flythrough,35.12,28.48,57.68,N/A,4069.82,N/A,0,0,0,0
1782320742230,Forge,CAPTURE_OFF,2,World Flythrough,23.16,43.18,57.68,N/A,4069.82,N/A,0,0,0,0
1782320742269,Forge,CAPTURE_OFF,2,World Flythrough,25.58,39.09,57.68,N/A,4069.82,N/A,0,0,0,0
1782320742304,Forge,CAPTURE_OFF,2,World Flythrough,28.48,35.12,57.68,N/A,4069.82,N/A,0,0,0,0
1782320742330,Forge,CAPTURE_OFF,2,World Flythrough,37.53,26.64,57.68,N/A,4069.82,N/A,0,0,0,0
1782320742366,Forge,CAPTURE_OFF,2,World Flythrough,28.09,35.60,57.68,N/A,4069.82,N/A,0,0,0,0
1782320742399,Forge,CAPTURE_OFF,2,World Flythrough,30.02,33.31,57.68,N/A,4069.82,N/A,0,0,0,0
1782320742425,Forge,CAPTURE_OFF,2,World Flythrough,38.90,25.71,57.68,N/A,4069.82,N/A,0,0,0,0
1782320742476,Forge,CAPTURE_OFF,2,World Flythrough,19.67,50.84,57.68,N/A,4069.82,N/A,0,0,0,0
1782320742509,Forge,CAPTURE_OFF,2,World Flythrough,29.92,33.42,57.68,N/A,4069.82,N/A,0,0,0,0
1782320742538,Forge,CAPTURE_OFF,2,World Flythrough,34.57,28.93,57.68,N/A,4069.82,N/A,0,0,0,0
1782320742572,Forge,CAPTURE_OFF,2,World Flythrough,29.36,34.06,57.68,N/A,4069.82,N/A,0,0,0,0
1782320742604,Forge,CAPTURE_OFF,2,World Flythrough,31.31,31.93,57.68,N/A,4069.82,N/A,0,0,0,0
1782320742631,Forge,CAPTURE_OFF,2,World Flythrough,37.31,26.80,57.68,N/A,4069.82,N/A,0,0,0,0
1782320742662,Forge,CAPTURE_OFF,2,World Flythrough,32.54,30.73,57.68,N/A,4069.82,N/A,0,0,0,0
1782320742684,Forge,CAPTURE_OFF,2,World Flythrough,45.20,22.12,57.68,N/A,4069.82,N/A,0,0,0,0
1782320742712,Forge,CAPTURE_OFF,2,World Flythrough,34.32,29.14,57.68,N/A,4069.82,N/A,0,0,0,0
1782320742734,Forge,CAPTURE_OFF,2,World Flythrough,47.40,21.10,57.68,N/A,4069.82,N/A,0,0,0,0
1782320742773,Forge,CAPTURE_OFF,2,World Flythrough,25.86,38.66,57.68,N/A,4069.82,N/A,0,0,0,0
1782320742784,Forge,CAPTURE_OFF,2,World Flythrough,90.55,11.04,57.68,N/A,4069.82,N/A,0,0,0,0
1782320742800,Forge,CAPTURE_OFF,2,World Flythrough,60.76,16.46,57.68,N/A,4069.82,N/A,0,0,0,0
1782320742803,Forge,CAPTURE_OFF,2,World Flythrough,342.02,2.92,57.68,N/A,4069.82,N/A,0,0,0,0
1782320742814,Forge,CAPTURE_OFF,2,World Flythrough,90.43,11.06,57.68,N/A,4069.82,N/A,0,0,0,0
1782320742824,Forge,CAPTURE_OFF,2,World Flythrough,104.69,9.55,57.68,N/A,4069.82,N/A,0,0,0,0
1782320742831,Forge,CAPTURE_OFF,2,World Flythrough,133.51,7.49,57.68,N/A,4069.82,N/A,0,0,0,0
1782320742834,Forge,CAPTURE_OFF,2,World Flythrough,362.75,2.76,57.68,N/A,4069.82,N/A,0,0,0,0
1782320742852,Forge,CAPTURE_OFF,2,World Flythrough,54.81,18.25,57.68,N/A,4069.82,N/A,0,0,0,0
1782320742873,Forge,CAPTURE_OFF,2,World Flythrough,48.58,20.58,57.68,N/A,4069.82,N/A,0,0,0,0
1782320742901,Forge,CAPTURE_OFF,2,World Flythrough,34.98,28.59,57.68,N/A,4069.82,N/A,0,0,0,0
1782320742950,Forge,CAPTURE_OFF,2,World Flythrough,20.46,48.86,57.68,N/A,4069.82,N/A,0,0,0,0
1782320743009,Forge,CAPTURE_OFF,2,World Flythrough,17.16,58.28,57.68,N/A,4069.82,N/A,0,0,0,0
1782320743107,Forge,CAPTURE_OFF,2,World Flythrough,18.36,54.46,56.20,N/A,3528.60,N/A,0,0,0,0
1782320743132,Forge,CAPTURE_OFF,2,World Flythrough,14.54,68.77,56.20,N/A,3528.60,N/A,0,0,0,0
1782320743194,Forge,CAPTURE_OFF,2,World Flythrough,16.10,62.09,56.20,N/A,3528.60,N/A,0,0,0,0
1782320743253,Forge,CAPTURE_OFF,2,World Flythrough,17.09,58.53,56.20,N/A,3528.60,N/A,0,0,0,0
1782320743305,Forge,CAPTURE_OFF,2,World Flythrough,18.98,52.69,56.20,N/A,3528.60,N/A,0,0,0,0
1782320743354,Forge,CAPTURE_OFF,2,World Flythrough,20.29,49.28,56.20,N/A,3528.60,N/A,0,0,0,0
1782320743494,Forge,CAPTURE_OFF,2,World Flythrough,7.19,139.14,56.20,N/A,3528.60,N/A,0,0,0,0
1782320743538,Forge,CAPTURE_OFF,2,World Flythrough,22.68,44.08,56.20,N/A,3528.60,N/A,0,0,0,0
1782320743590,Forge,CAPTURE_OFF,2,World Flythrough,18.90,52.92,56.20,N/A,3528.60,N/A,0,0,0,0
1782320743657,Forge,CAPTURE_OFF,2,World Flythrough,15.09,66.28,56.20,N/A,3528.60,N/A,0,0,0,0
1782320743710,Forge,CAPTURE_OFF,2,World Flythrough,18.73,53.39,56.20,N/A,3528.60,N/A,0,0,0,0
1782320743769,Forge,CAPTURE_OFF,2,World Flythrough,17.05,58.65,56.20,N/A,3528.60,N/A,0,0,0,0
1782320743823,Forge,CAPTURE_OFF,2,World Flythrough,18.45,54.19,56.20,N/A,3528.60,N/A,0,0,0,0
1782320743879,Forge,CAPTURE_OFF,2,World Flythrough,17.88,55.92,56.20,N/A,3528.60,N/A,0,0,0,0
1782320743936,Forge,CAPTURE_OFF,2,World Flythrough,17.54,57.02,56.20,N/A,3528.60,N/A,0,0,0,0
1782320743985,Forge,CAPTURE_OFF,2,World Flythrough,20.41,48.99,56.20,N/A,3528.60,N/A,0,0,0,0
1782320744039,Forge,CAPTURE_OFF,2,World Flythrough,18.68,53.52,56.20,N/A,3528.60,N/A,0,0,0,0
1782320744144,Forge,CAPTURE_OFF,2,World Flythrough,16.71,59.85,30.70,N/A,4372.98,N/A,0,0,0,0
1782320744181,Forge,CAPTURE_OFF,2,World Flythrough,12.06,82.92,30.70,N/A,4372.98,N/A,0,0,0,0
1782320744235,Forge,CAPTURE_OFF,2,World Flythrough,18.28,54.71,30.70,N/A,4372.98,N/A,0,0,0,0
1782320744302,Forge,CAPTURE_OFF,2,World Flythrough,15.12,66.12,30.70,N/A,4372.98,N/A,0,0,0,0
1782320744359,Forge,CAPTURE_OFF,2,World Flythrough,17.76,56.32,30.70,N/A,4372.98,N/A,0,0,0,0
1782320744416,Forge,CAPTURE_OFF,2,World Flythrough,17.16,58.29,30.70,N/A,4372.98,N/A,0,0,0,0
1782320744459,Forge,CAPTURE_OFF,2,World Flythrough,23.52,42.52,30.70,N/A,4372.98,N/A,0,0,0,0
1782320744514,Forge,CAPTURE_OFF,2,World Flythrough,18.42,54.30,30.70,N/A,4372.98,N/A,0,0,0,0
1782320744573,Forge,CAPTURE_OFF,2,World Flythrough,16.91,59.15,30.70,N/A,4372.98,N/A,0,0,0,0
1782320744624,Forge,CAPTURE_OFF,2,World Flythrough,19.36,51.66,30.70,N/A,4372.98,N/A,0,0,0,0
1782320744691,Forge,CAPTURE_OFF,2,World Flythrough,15.02,66.58,30.70,N/A,4372.98,N/A,0,0,0,0
1782320744738,Forge,CAPTURE_OFF,2,World Flythrough,21.51,46.49,30.70,N/A,4372.98,N/A,0,0,0,0
1782320744800,Forge,CAPTURE_OFF,2,World Flythrough,16.03,62.37,30.70,N/A,4372.98,N/A,0,0,0,0
1782320744884,Forge,CAPTURE_OFF,2,World Flythrough,11.90,84.01,30.70,N/A,4372.98,N/A,0,0,0,0
1782320744927,Forge,CAPTURE_OFF,2,World Flythrough,23.05,43.38,30.70,N/A,4372.98,N/A,0,0,0,0
1782320744976,Forge,CAPTURE_OFF,2,World Flythrough,20.29,49.29,30.70,N/A,4372.98,N/A,0,0,0,0
1782320745031,Forge,CAPTURE_OFF,2,World Flythrough,18.43,54.27,30.70,N/A,4372.98,N/A,0,0,0,0
1782320745085,Forge,CAPTURE_OFF,2,World Flythrough,18.25,54.79,30.70,N/A,4372.98,N/A,0,0,0,0
1782320745178,Forge,CAPTURE_OFF,2,World Flythrough,20.12,49.70,41.75,N/A,2964.40,N/A,0,0,0,0
1782320745217,Forge,CAPTURE_OFF,2,World Flythrough,12.21,81.92,41.75,N/A,2964.40,N/A,0,0,0,0
1782320745268,Forge,CAPTURE_OFF,2,World Flythrough,19.81,50.48,41.75,N/A,2964.40,N/A,0,0,0,0
1782320745312,Forge,CAPTURE_OFF,2,World Flythrough,22.72,44.02,41.75,N/A,2964.40,N/A,0,0,0,0
1782320745366,Forge,CAPTURE_OFF,2,World Flythrough,18.24,54.81,41.75,N/A,2964.40,N/A,0,0,0,0
1782320745425,Forge,CAPTURE_OFF,2,World Flythrough,17.14,58.34,41.75,N/A,2964.40,N/A,0,0,0,0
1782320745475,Forge,CAPTURE_OFF,2,World Flythrough,20.00,50.01,41.75,N/A,2964.40,N/A,0,0,0,0
1782320745525,Forge,CAPTURE_OFF,2,World Flythrough,19.97,50.07,41.75,N/A,2964.40,N/A,0,0,0,0
1782320745583,Forge,CAPTURE_OFF,2,World Flythrough,17.27,57.89,41.75,N/A,2964.40,N/A,0,0,0,0
1782320745633,Forge,CAPTURE_OFF,2,World Flythrough,19.83,50.43,41.75,N/A,2964.40,N/A,0,0,0,0
1782320745696,Forge,CAPTURE_OFF,2,World Flythrough,15.84,63.15,41.75,N/A,2964.40,N/A,0,0,0,0
1782320745748,Forge,CAPTURE_OFF,2,World Flythrough,19.38,51.59,41.75,N/A,2964.40,N/A,0,0,0,0
1782320745796,Forge,CAPTURE_OFF,2,World Flythrough,20.83,48.02,41.75,N/A,2964.40,N/A,0,0,0,0
1782320745853,Forge,CAPTURE_OFF,2,World Flythrough,17.59,56.84,41.75,N/A,2964.40,N/A,0,0,0,0
1782320745903,Forge,CAPTURE_OFF,2,World Flythrough,19.98,50.05,41.75,N/A,2964.40,N/A,0,0,0,0
1782320745963,Forge,CAPTURE_OFF,2,World Flythrough,16.77,59.63,41.75,N/A,2964.40,N/A,0,0,0,0
1782320746017,Forge,CAPTURE_OFF,2,World Flythrough,18.25,54.79,41.75,N/A,2964.40,N/A,0,0,0,0
1782320746070,Forge,CAPTURE_OFF,2,World Flythrough,19.09,52.37,41.75,N/A,2964.40,N/A,0,0,0,0
1782320746079,Forge,CAPTURE_OFF,2,World Flythrough,106.37,9.40,41.75,N/A,2964.40,N/A,0,0,0,0
1782320746087,Forge,CAPTURE_OFF,2,World Flythrough,134.48,7.44,41.75,N/A,2964.40,N/A,0,0,0,0
1782320746089,Forge,CAPTURE_OFF,2,World Flythrough,431.09,2.32,41.75,N/A,2964.40,N/A,0,0,0,0
1782320746104,Forge,CAPTURE_OFF,2,World Flythrough,66.42,15.05,41.75,N/A,2964.40,N/A,0,0,0,0
1782320746112,Forge,CAPTURE_OFF,2,World Flythrough,109.33,9.15,41.75,N/A,2964.40,N/A,0,0,0,0
1782320746119,Forge,CAPTURE_OFF,2,World Flythrough,157.87,6.33,41.75,N/A,2964.40,N/A,0,0,0,0
1782320746121,Forge,CAPTURE_OFF,2,World Flythrough,480.61,2.08,41.75,N/A,2964.40,N/A,0,0,0,0
1782320746189,Forge,CAPTURE_OFF,2,World Flythrough,36.61,27.31,20.22,N/A,3588.41,N/A,0,0,0,0
1782320746212,Forge,CAPTURE_OFF,2,World Flythrough,15.83,63.19,20.22,N/A,3588.41,N/A,0,0,0,0
1782320746237,Forge,CAPTURE_OFF,2,World Flythrough,40.54,24.67,20.22,N/A,3588.41,N/A,0,0,0,0
1782320746271,Forge,CAPTURE_OFF,2,World Flythrough,28.92,34.58,20.22,N/A,3588.41,N/A,0,0,0,0
1782320746305,Forge,CAPTURE_OFF,2,World Flythrough,29.49,33.91,20.22,N/A,3588.41,N/A,0,0,0,0
1782320746332,Forge,CAPTURE_OFF,2,World Flythrough,37.59,26.61,20.22,N/A,3588.41,N/A,0,0,0,0
1782320746365,Forge,CAPTURE_OFF,2,World Flythrough,29.68,33.70,20.22,N/A,3588.41,N/A,0,0,0,0
1782320746395,Forge,CAPTURE_OFF,2,World Flythrough,33.33,30.01,20.22,N/A,3588.41,N/A,0,0,0,0
1782320746418,Forge,CAPTURE_OFF,2,World Flythrough,43.67,22.90,20.22,N/A,3588.41,N/A,0,0,0,0
1782320746446,Forge,CAPTURE_OFF,2,World Flythrough,35.36,28.28,20.22,N/A,3588.41,N/A,0,0,0,0
1782320746466,Forge,CAPTURE_OFF,2,World Flythrough,51.07,19.58,20.22,N/A,3588.41,N/A,0,0,0,0
1782320746495,Forge,CAPTURE_OFF,2,World Flythrough,34.89,28.66,20.22,N/A,3588.41,N/A,0,0,0,0
1782320746515,Forge,CAPTURE_OFF,2,World Flythrough,48.61,20.57,20.22,N/A,3588.41,N/A,0,0,0,0
1782320746545,Forge,CAPTURE_OFF,2,World Flythrough,33.57,29.78,20.22,N/A,3588.41,N/A,0,0,0,0
1782320746567,Forge,CAPTURE_OFF,2,World Flythrough,47.00,21.28,20.22,N/A,3588.41,N/A,0,0,0,0
1782320746597,Forge,CAPTURE_OFF,2,World Flythrough,32.64,30.64,20.22,N/A,3588.41,N/A,0,0,0,0
1782320746620,Forge,CAPTURE_OFF,2,World Flythrough,44.08,22.69,20.22,N/A,3588.41,N/A,0,0,0,0
1782320746648,Forge,CAPTURE_OFF,2,World Flythrough,35.62,28.07,20.22,N/A,3588.41,N/A,0,0,0,0
1782320746671,Forge,CAPTURE_OFF,2,World Flythrough,43.08,23.21,20.22,N/A,3588.41,N/A,0,0,0,0
1782320746700,Forge,CAPTURE_OFF,2,World Flythrough,34.26,29.19,20.22,N/A,3588.41,N/A,0,0,0,0
1782320746727,Forge,CAPTURE_OFF,2,World Flythrough,37.58,26.61,20.22,N/A,3588.41,N/A,0,0,0,0
1782320746757,Forge,CAPTURE_OFF,2,World Flythrough,32.91,30.38,20.22,N/A,3588.41,N/A,0,0,0,0
1782320746786,Forge,CAPTURE_OFF,2,World Flythrough,34.97,28.59,20.22,N/A,3588.41,N/A,0,0,0,0
1782320746830,Forge,CAPTURE_OFF,2,World Flythrough,22.71,44.03,20.22,N/A,3588.41,N/A,0,0,0,0
1782320748189,Forge,CAPTURE_OFF,2,World Flythrough,0.77,1304.39,44.26,N/A,4095.46,N/A,0,0,0,0
1782320748325,Forge,CAPTURE_OFF,2,World Flythrough,5.25,190.43,44.26,N/A,4095.46,N/A,0,0,0,0
1782320748540,Forge,CAPTURE_OFF,2,World Flythrough,4.64,215.55,44.26,N/A,4095.46,N/A,0,0,0,0
1782320748734,Forge,CAPTURE_OFF,2,World Flythrough,5.17,193.25,44.26,N/A,4095.46,N/A,0,0,0,0
1782320748819,Forge,CAPTURE_OFF,2,World Flythrough,11.73,85.22,44.26,N/A,4095.46,N/A,0,0,0,0
1782320748885,Forge,CAPTURE_OFF,2,World Flythrough,15.08,66.30,44.26,N/A,4095.46,N/A,0,0,0,0
1782320748964,Forge,CAPTURE_OFF,2,World Flythrough,12.70,78.72,44.26,N/A,4095.46,N/A,0,0,0,0
1782320749034,Forge,CAPTURE_OFF,2,World Flythrough,14.23,70.28,44.26,N/A,4095.46,N/A,0,0,0,0
1782320749110,Forge,CAPTURE_OFF,2,World Flythrough,13.13,76.14,44.26,N/A,4095.46,N/A,0,0,0,0
1782320749220,Forge,CAPTURE_OFF,2,World Flythrough,15.92,62.82,46.78,N/A,3344.12,N/A,0,0,0,0
1782320749303,Forge,CAPTURE_OFF,2,World Flythrough,7.69,129.96,46.78,N/A,3344.12,N/A,0,0,0,0
1782320749370,Forge,CAPTURE_OFF,2,World Flythrough,14.84,67.41,46.78,N/A,3344.12,N/A,0,0,0,0
1782320749434,Forge,CAPTURE_OFF,2,World Flythrough,15.85,63.07,46.78,N/A,3344.12,N/A,0,0,0,0
1782320749504,Forge,CAPTURE_OFF,2,World Flythrough,14.27,70.10,46.78,N/A,3344.12,N/A,0,0,0,0
1782320749566,Forge,CAPTURE_OFF,2,World Flythrough,15.98,62.57,46.78,N/A,3344.12,N/A,0,0,0,0
1782320749624,Forge,CAPTURE_OFF,2,World Flythrough,17.36,57.59,46.78,N/A,3344.12,N/A,0,0,0,0
1782320749685,Forge,CAPTURE_OFF,2,World Flythrough,16.43,60.87,46.78,N/A,3344.12,N/A,0,0,0,0
1782320749778,Forge,CAPTURE_OFF,2,World Flythrough,10.74,93.12,46.78,N/A,3344.12,N/A,0,0,0,0
1782320749863,Forge,CAPTURE_OFF,2,World Flythrough,11.75,85.12,46.78,N/A,3344.12,N/A,0,0,0,0
1782320749989,Forge,CAPTURE_OFF,2,World Flythrough,7.93,126.11,46.78,N/A,3344.12,N/A,0,0,0,0
1782320750075,Forge,CAPTURE_OFF,2,World Flythrough,11.65,85.84,46.78,N/A,3344.12,N/A,0,0,0,0
1782320750146,Forge,CAPTURE_OFF,2,World Flythrough,14.08,71.02,46.78,N/A,3344.12,N/A,0,0,0,0
1782320750257,Forge,CAPTURE_OFF,2,World Flythrough,16.19,61.78,35.99,N/A,4134.77,N/A,0,0,0,0
1782320750328,Forge,CAPTURE_OFF,2,World Flythrough,8.30,120.49,35.99,N/A,4134.77,N/A,0,0,0,0
1782320750411,Forge,CAPTURE_OFF,2,World Flythrough,12.03,83.13,35.99,N/A,4134.77,N/A,0,0,0,0
1782320750480,Forge,CAPTURE_OFF,2,World Flythrough,14.55,68.75,35.99,N/A,4134.77,N/A,0,0,0,0
1782320750537,Forge,CAPTURE_OFF,2,World Flythrough,17.39,57.49,35.99,N/A,4134.77,N/A,0,0,0,0
1782320750603,Forge,CAPTURE_OFF,2,World Flythrough,15.28,65.42,35.99,N/A,4134.77,N/A,0,0,0,0
1782320750675,Forge,CAPTURE_OFF,2,World Flythrough,13.88,72.03,35.99,N/A,4134.77,N/A,0,0,0,0
1782320750749,Forge,CAPTURE_OFF,2,World Flythrough,13.56,73.77,35.99,N/A,4134.77,N/A,0,0,0,0
1782320750815,Forge,CAPTURE_OFF,2,World Flythrough,15.14,66.05,35.99,N/A,4134.77,N/A,0,0,0,0
1782320750909,Forge,CAPTURE_OFF,2,World Flythrough,10.57,94.65,35.99,N/A,4134.77,N/A,0,0,0,0
1782320750969,Forge,CAPTURE_OFF,2,World Flythrough,16.74,59.73,35.99,N/A,4134.77,N/A,0,0,0,0
1782320751034,Forge,CAPTURE_OFF,2,World Flythrough,15.43,64.82,35.99,N/A,4134.77,N/A,0,0,0,0
1782320751098,Forge,CAPTURE_OFF,2,World Flythrough,15.52,64.42,35.99,N/A,4134.77,N/A,0,0,0,0
1782320751154,Forge,CAPTURE_OFF,2,World Flythrough,17.81,56.14,35.99,N/A,4134.77,N/A,0,0,0,0
1782320751255,Forge,CAPTURE_OFF,2,World Flythrough,18.23,54.84,41.52,N/A,4656.99,N/A,0,0,0,0
1782320751289,Forge,CAPTURE_OFF,2,World Flythrough,12.54,79.75,41.52,N/A,4656.99,N/A,0,0,0,0
1782320751318,Forge,CAPTURE_OFF,2,World Flythrough,34.26,29.19,41.52,N/A,4656.99,N/A,0,0,0,0
1782320751345,Forge,CAPTURE_OFF,2,World Flythrough,37.41,26.73,41.52,N/A,4656.99,N/A,0,0,0,0
1782320751364,Forge,CAPTURE_OFF,2,World Flythrough,50.95,19.63,41.52,N/A,4656.99,N/A,0,0,0,0
1782320751387,Forge,CAPTURE_OFF,2,World Flythrough,43.14,23.18,41.52,N/A,4656.99,N/A,0,0,0,0
1782320751417,Forge,CAPTURE_OFF,2,World Flythrough,34.21,29.23,41.52,N/A,4656.99,N/A,0,0,0,0
1782320751438,Forge,CAPTURE_OFF,2,World Flythrough,47.71,20.96,41.52,N/A,4656.99,N/A,0,0,0,0
1782320751467,Forge,CAPTURE_OFF,2,World Flythrough,34.15,29.28,41.52,N/A,4656.99,N/A,0,0,0,0
1782320751488,Forge,CAPTURE_OFF,2,World Flythrough,47.81,20.92,41.52,N/A,4656.99,N/A,0,0,0,0
1782320751532,Forge,CAPTURE_OFF,2,World Flythrough,22.63,44.20,41.52,N/A,4656.99,N/A,0,0,0,0
1782320751558,Forge,CAPTURE_OFF,2,World Flythrough,38.35,26.07,41.52,N/A,4656.99,N/A,0,0,0,0
1782320751581,Forge,CAPTURE_OFF,2,World Flythrough,44.66,22.39,41.52,N/A,4656.99,N/A,0,0,0,0
1782320751610,Forge,CAPTURE_OFF,2,World Flythrough,33.58,29.78,41.52,N/A,4656.99,N/A,0,0,0,0
1782320751631,Forge,CAPTURE_OFF,2,World Flythrough,49.71,20.12,41.52,N/A,4656.99,N/A,0,0,0,0
1782320751661,Forge,CAPTURE_OFF,2,World Flythrough,32.71,30.57,41.52,N/A,4656.99,N/A,0,0,0,0
1782320751683,Forge,CAPTURE_OFF,2,World Flythrough,45.06,22.19,41.52,N/A,4656.99,N/A,0,0,0,0
1782320751707,Forge,CAPTURE_OFF,2,World Flythrough,41.99,23.82,41.52,N/A,4656.99,N/A,0,0,0,0
1782320751731,Forge,CAPTURE_OFF,2,World Flythrough,42.10,23.76,41.52,N/A,4656.99,N/A,0,0,0,0
1782320751761,Forge,CAPTURE_OFF,2,World Flythrough,33.82,29.57,41.52,N/A,4656.99,N/A,0,0,0,0
1782320751787,Forge,CAPTURE_OFF,2,World Flythrough,38.28,26.12,41.52,N/A,4656.99,N/A,0,0,0,0
1782320751819,Forge,CAPTURE_OFF,2,World Flythrough,30.98,32.28,41.52,N/A,4656.99,N/A,0,0,0,0
1782320751848,Forge,CAPTURE_OFF,2,World Flythrough,34.16,29.27,41.52,N/A,4656.99,N/A,0,0,0,0
1782320751868,Forge,CAPTURE_OFF,2,World Flythrough,50.18,19.93,41.52,N/A,4656.99,N/A,0,0,0,0
1782320751898,Forge,CAPTURE_OFF,2,World Flythrough,33.49,29.86,41.52,N/A,4656.99,N/A,0,0,0,0
1782320751919,Forge,CAPTURE_OFF,2,World Flythrough,49.15,20.35,41.52,N/A,4656.99,N/A,0,0,0,0
1782320751950,Forge,CAPTURE_OFF,2,World Flythrough,31.74,31.51,41.52,N/A,4656.99,N/A,0,0,0,0
1782320751971,Forge,CAPTURE_OFF,2,World Flythrough,46.92,21.31,41.52,N/A,4656.99,N/A,0,0,0,0
1782320752000,Forge,CAPTURE_OFF,2,World Flythrough,35.08,28.51,41.52,N/A,4656.99,N/A,0,0,0,0
1782320752030,Forge,CAPTURE_OFF,2,World Flythrough,32.96,30.34,41.52,N/A,4656.99,N/A,0,0,0,0
1782320752067,Forge,CAPTURE_OFF,2,World Flythrough,26.76,37.38,41.52,N/A,4656.99,N/A,0,0,0,0
1782320752110,Forge,CAPTURE_OFF,2,World Flythrough,23.58,42.41,41.52,N/A,4656.99,N/A,0,0,0,0
1782320752139,Forge,CAPTURE_OFF,2,World Flythrough,34.44,29.04,41.52,N/A,4656.99,N/A,0,0,0,0
1782320752173,Forge,CAPTURE_OFF,2,World Flythrough,29.34,34.08,41.52,N/A,4656.99,N/A,0,0,0,0
1782320752200,Forge,CAPTURE_OFF,2,World Flythrough,36.80,27.18,41.52,N/A,4656.99,N/A,0,0,0,0
1782320752263,Forge,CAPTURE_OFF,2,World Flythrough,49.26,20.30,23.86,N/A,3253.44,N/A,0,0,0,0
1782320752299,Forge,CAPTURE_OFF,2,World Flythrough,12.69,78.78,23.86,N/A,3253.44,N/A,0,0,0,0
1782320752324,Forge,CAPTURE_OFF,2,World Flythrough,40.03,24.98,23.86,N/A,3253.44,N/A,0,0,0,0
1782320752357,Forge,CAPTURE_OFF,2,World Flythrough,30.06,33.26,23.86,N/A,3253.44,N/A,0,0,0,0
1782320752382,Forge,CAPTURE_OFF,2,World Flythrough,40.86,24.47,23.86,N/A,3253.44,N/A,0,0,0,0
1782320752417,Forge,CAPTURE_OFF,2,World Flythrough,28.91,34.59,23.86,N/A,3253.44,N/A,0,0,0,0
1782320752450,Forge,CAPTURE_OFF,2,World Flythrough,30.43,32.87,23.86,N/A,3253.44,N/A,0,0,0,0
1782320752475,Forge,CAPTURE_OFF,2,World Flythrough,38.70,25.84,23.86,N/A,3253.44,N/A,0,0,0,0
1782320752508,Forge,CAPTURE_OFF,2,World Flythrough,30.58,32.70,23.86,N/A,3253.44,N/A,0,0,0,0
1782320752533,Forge,CAPTURE_OFF,2,World Flythrough,39.15,25.54,23.86,N/A,3253.44,N/A,0,0,0,0
1782320752566,Forge,CAPTURE_OFF,2,World Flythrough,31.26,31.99,23.86,N/A,3253.44,N/A,0,0,0,0
1782320752596,Forge,CAPTURE_OFF,2,World Flythrough,33.23,30.09,23.86,N/A,3253.44,N/A,0,0,0,0
1782320752620,Forge,CAPTURE_OFF,2,World Flythrough,41.45,24.12,23.86,N/A,3253.44,N/A,0,0,0,0
1782320752649,Forge,CAPTURE_OFF,2,World Flythrough,33.93,29.47,23.86,N/A,3253.44,N/A,0,0,0,0
1782320752678,Forge,CAPTURE_OFF,2,World Flythrough,35.32,28.31,23.86,N/A,3253.44,N/A,0,0,0,0
1782320752707,Forge,CAPTURE_OFF,2,World Flythrough,34.26,29.19,23.86,N/A,3253.44,N/A,0,0,0,0
1782320752727,Forge,CAPTURE_OFF,2,World Flythrough,49.50,20.20,23.86,N/A,3253.44,N/A,0,0,0,0
1782320752757,Forge,CAPTURE_OFF,2,World Flythrough,33.66,29.71,23.86,N/A,3253.44,N/A,0,0,0,0
1782320752777,Forge,CAPTURE_OFF,2,World Flythrough,49.10,20.37,23.86,N/A,3253.44,N/A,0,0,0,0
1782320752806,Forge,CAPTURE_OFF,2,World Flythrough,34.04,29.38,23.86,N/A,3253.44,N/A,0,0,0,0
1782320752827,Forge,CAPTURE_OFF,2,World Flythrough,47.97,20.84,23.86,N/A,3253.44,N/A,0,0,0,0
1782320752857,Forge,CAPTURE_OFF,2,World Flythrough,33.94,29.46,23.86,N/A,3253.44,N/A,0,0,0,0
1782320752876,Forge,CAPTURE_OFF,2,World Flythrough,50.79,19.69,23.86,N/A,3253.44,N/A,0,0,0,0
1782320752906,Forge,CAPTURE_OFF,2,World Flythrough,33.38,29.96,23.86,N/A,3253.44,N/A,0,0,0,0
1782320752928,Forge,CAPTURE_OFF,2,World Flythrough,45.42,22.02,23.86,N/A,3253.44,N/A,0,0,0,0
1782320752956,Forge,CAPTURE_OFF,2,World Flythrough,35.55,28.13,23.86,N/A,3253.44,N/A,0,0,0,0
1782320752976,Forge,CAPTURE_OFF,2,World Flythrough,50.17,19.93,23.86,N/A,3253.44,N/A,0,0,0,0
1782320753008,Forge,CAPTURE_OFF,2,World Flythrough,31.70,31.54,23.86,N/A,3253.44,N/A,0,0,0,0
1782320753028,Forge,CAPTURE_OFF,2,World Flythrough,51.04,19.59,23.86,N/A,3253.44,N/A,0,0,0,0
1782320753056,Forge,CAPTURE_OFF,2,World Flythrough,34.81,28.73,23.86,N/A,3253.44,N/A,0,0,0,0
1782320753077,Forge,CAPTURE_OFF,2,World Flythrough,48.47,20.63,23.86,N/A,3253.44,N/A,0,0,0,0
1782320753108,Forge,CAPTURE_OFF,2,World Flythrough,31.67,31.57,23.86,N/A,3253.44,N/A,0,0,0,0
1782320753128,Forge,CAPTURE_OFF,2,World Flythrough,50.62,19.76,23.86,N/A,3253.44,N/A,0,0,0,0
1782320753156,Forge,CAPTURE_OFF,2,World Flythrough,36.28,27.56,23.86,N/A,3253.44,N/A,0,0,0,0
1782320753178,Forge,CAPTURE_OFF,2,World Flythrough,46.35,21.58,23.86,N/A,3253.44,N/A,0,0,0,0
1782320753208,Forge,CAPTURE_OFF,2,World Flythrough,33.27,30.06,23.86,N/A,3253.44,N/A,0,0,0,0
1782320753268,Forge,CAPTURE_OFF,2,World Flythrough,49.01,20.40,29.44,N/A,4230.60,N/A,0,0,0,0
1782320753301,Forge,CAPTURE_OFF,2,World Flythrough,13.68,73.11,29.44,N/A,4230.60,N/A,0,0,0,0
1782320753321,Forge,CAPTURE_OFF,2,World Flythrough,48.98,20.42,29.44,N/A,4230.60,N/A,0,0,0,0
1782320753349,Forge,CAPTURE_OFF,2,World Flythrough,35.77,27.96,29.44,N/A,4230.60,N/A,0,0,0,0
1782320753368,Forge,CAPTURE_OFF,2,World Flythrough,54.19,18.45,29.44,N/A,4230.60,N/A,0,0,0,0
1782320753397,Forge,CAPTURE_OFF,2,World Flythrough,34.89,28.66,29.44,N/A,4230.60,N/A,0,0,0,0
1782320753417,Forge,CAPTURE_OFF,2,World Flythrough,49.55,20.18,29.44,N/A,4230.60,N/A,0,0,0,0
1782320753446,Forge,CAPTURE_OFF,2,World Flythrough,33.53,29.82,29.44,N/A,4230.60,N/A,0,0,0,0
1782320753466,Forge,CAPTURE_OFF,2,World Flythrough,49.84,20.06,29.44,N/A,4230.60,N/A,0,0,0,0
1782320753498,Forge,CAPTURE_OFF,2,World Flythrough,31.91,31.34,29.44,N/A,4230.60,N/A,0,0,0,0
1782320753521,Forge,CAPTURE_OFF,2,World Flythrough,43.00,23.26,29.44,N/A,4230.60,N/A,0,0,0,0
1782320753548,Forge,CAPTURE_OFF,2,World Flythrough,37.08,26.97,29.44,N/A,4230.60,N/A,0,0,0,0
1782320753567,Forge,CAPTURE_OFF,2,World Flythrough,53.55,18.67,29.44,N/A,4230.60,N/A,0,0,0,0
1782320753597,Forge,CAPTURE_OFF,2,World Flythrough,33.12,30.19,29.44,N/A,4230.60,N/A,0,0,0,0
1782320753617,Forge,CAPTURE_OFF,2,World Flythrough,50.55,19.78,29.44,N/A,4230.60,N/A,0,0,0,0
1782320753647,Forge,CAPTURE_OFF,2,World Flythrough,32.60,30.68,29.44,N/A,4230.60,N/A,0,0,0,0
1782320753666,Forge,CAPTURE_OFF,2,World Flythrough,51.97,19.24,29.44,N/A,4230.60,N/A,0,0,0,0
1782320753697,Forge,CAPTURE_OFF,2,World Flythrough,33.07,30.24,29.44,N/A,4230.60,N/A,0,0,0,0
1782320753716,Forge,CAPTURE_OFF,2,World Flythrough,51.76,19.32,29.44,N/A,4230.60,N/A,0,0,0,0
1782320753748,Forge,CAPTURE_OFF,2,World Flythrough,31.65,31.59,29.44,N/A,4230.60,N/A,0,0,0,0
1782320753768,Forge,CAPTURE_OFF,2,World Flythrough,49.61,20.16,29.44,N/A,4230.60,N/A,0,0,0,0
1782320753797,Forge,CAPTURE_OFF,2,World Flythrough,34.59,28.91,29.44,N/A,4230.60,N/A,0,0,0,0
1782320753816,Forge,CAPTURE_OFF,2,World Flythrough,51.12,19.56,29.44,N/A,4230.60,N/A,0,0,0,0
1782320753863,Forge,CAPTURE_OFF,2,World Flythrough,21.30,46.96,29.44,N/A,4230.60,N/A,0,0,0,0
1782320753886,Forge,CAPTURE_OFF,2,World Flythrough,43.80,22.83,29.44,N/A,4230.60,N/A,0,0,0,0
1782320753910,Forge,CAPTURE_OFF,2,World Flythrough,41.80,23.93,29.44,N/A,4230.60,N/A,0,0,0,0
1782320753935,Forge,CAPTURE_OFF,2,World Flythrough,40.12,24.93,29.44,N/A,4230.60,N/A,0,0,0,0
1782320753961,Forge,CAPTURE_OFF,2,World Flythrough,38.79,25.78,29.44,N/A,4230.60,N/A,0,0,0,0
1782320753985,Forge,CAPTURE_OFF,2,World Flythrough,41.14,24.31,29.44,N/A,4230.60,N/A,0,0,0,0
1782320754010,Forge,CAPTURE_OFF,2,World Flythrough,39.41,25.37,29.44,N/A,4230.60,N/A,0,0,0,0
1782320754036,Forge,CAPTURE_OFF,2,World Flythrough,39.58,25.26,29.44,N/A,4230.60,N/A,0,0,0,0
1782320754062,Forge,CAPTURE_OFF,2,World Flythrough,36.74,27.22,29.44,N/A,4230.60,N/A,0,0,0,0
1782320754086,Forge,CAPTURE_OFF,2,World Flythrough,43.98,22.74,29.44,N/A,4230.60,N/A,0,0,0,0
1782320754112,Forge,CAPTURE_OFF,2,World Flythrough,38.23,26.16,29.44,N/A,4230.60,N/A,0,0,0,0
1782320754135,Forge,CAPTURE_OFF,2,World Flythrough,43.23,23.13,29.44,N/A,4230.60,N/A,0,0,0,0
1782320754160,Forge,CAPTURE_OFF,2,World Flythrough,39.65,25.22,29.44,N/A,4230.60,N/A,0,0,0,0
1782320754185,Forge,CAPTURE_OFF,2,World Flythrough,40.29,24.82,29.44,N/A,4230.60,N/A,0,0,0,0
1782320754209,Forge,CAPTURE_OFF,2,World Flythrough,40.53,24.67,29.44,N/A,4230.60,N/A,0,0,0,0
1782320754285,Forge,CAPTURE_OFF,2,World Flythrough,39.81,25.12,12.07,N/A,2932.15,N/A,0,0,0,0
1782320754317,Forge,CAPTURE_OFF,2,World Flythrough,12.19,82.01,12.07,N/A,2932.15,N/A,0,0,0,0
1782320754347,Forge,CAPTURE_OFF,2,World Flythrough,33.07,30.23,12.07,N/A,2932.15,N/A,0,0,0,0
1782320754366,Forge,CAPTURE_OFF,2,World Flythrough,52.76,18.95,12.07,N/A,2932.15,N/A,0,0,0,0
1782320754397,Forge,CAPTURE_OFF,2,World Flythrough,32.41,30.85,12.07,N/A,2932.15,N/A,0,0,0,0
1782320754416,Forge,CAPTURE_OFF,2,World Flythrough,51.46,19.43,12.07,N/A,2932.15,N/A,0,0,0,0
1782320754446,Forge,CAPTURE_OFF,2,World Flythrough,33.71,29.66,12.07,N/A,2932.15,N/A,0,0,0,0
1782320754466,Forge,CAPTURE_OFF,2,World Flythrough,50.32,19.87,12.07,N/A,2932.15,N/A,0,0,0,0
1782320754498,Forge,CAPTURE_OFF,2,World Flythrough,31.08,32.18,12.07,N/A,2932.15,N/A,0,0,0,0
1782320754515,Forge,CAPTURE_OFF,2,World Flythrough,58.11,17.21,12.07,N/A,2932.15,N/A,0,0,0,0
1782320754547,Forge,CAPTURE_OFF,2,World Flythrough,31.52,31.73,12.07,N/A,2932.15,N/A,0,0,0,0
1782320754565,Forge,CAPTURE_OFF,2,World Flythrough,54.35,18.40,12.07,N/A,2932.15,N/A,0,0,0,0
1782320754595,Forge,CAPTURE_OFF,2,World Flythrough,33.82,29.57,12.07,N/A,2932.15,N/A,0,0,0,0
1782320754615,Forge,CAPTURE_OFF,2,World Flythrough,49.98,20.01,12.07,N/A,2932.15,N/A,0,0,0,0
1782320754645,Forge,CAPTURE_OFF,2,World Flythrough,33.52,29.84,12.07,N/A,2932.15,N/A,0,0,0,0
1782320754665,Forge,CAPTURE_OFF,2,World Flythrough,49.20,20.32,12.07,N/A,2932.15,N/A,0,0,0,0
1782320754696,Forge,CAPTURE_OFF,2,World Flythrough,31.91,31.34,12.07,N/A,2932.15,N/A,0,0,0,0
1782320754715,Forge,CAPTURE_OFF,2,World Flythrough,53.13,18.82,12.07,N/A,2932.15,N/A,0,0,0,0
1782320754748,Forge,CAPTURE_OFF,2,World Flythrough,30.66,32.61,12.07,N/A,2932.15,N/A,0,0,0,0
1782320754766,Forge,CAPTURE_OFF,2,World Flythrough,55.90,17.89,12.07,N/A,2932.15,N/A,0,0,0,0
1782320754797,Forge,CAPTURE_OFF,2,World Flythrough,31.72,31.53,12.07,N/A,2932.15,N/A,0,0,0,0
1782320754815,Forge,CAPTURE_OFF,2,World Flythrough,54.77,18.26,12.07,N/A,2932.15,N/A,0,0,0,0
1782320754846,Forge,CAPTURE_OFF,2,World Flythrough,32.71,30.57,12.07,N/A,2932.15,N/A,0,0,0,0
1782320754866,Forge,CAPTURE_OFF,2,World Flythrough,50.74,19.71,12.07,N/A,2932.15,N/A,0,0,0,0
1782320754897,Forge,CAPTURE_OFF,2,World Flythrough,32.26,31.00,12.07,N/A,2932.15,N/A,0,0,0,0
1782320754917,Forge,CAPTURE_OFF,2,World Flythrough,50.71,19.72,12.07,N/A,2932.15,N/A,0,0,0,0
1782320754958,Forge,CAPTURE_OFF,2,World Flythrough,24.28,41.19,12.07,N/A,2932.15,N/A,0,0,0,0
1782320755042,Forge,CAPTURE_OFF,2,World Flythrough,11.86,84.34,12.07,N/A,2932.15,N/A,0,0,0,0
1782320755133,Forge,CAPTURE_OFF,2,World Flythrough,11.03,90.67,12.07,N/A,2932.15,N/A,0,0,0,0
1782320755189,Forge,CAPTURE_OFF,2,World Flythrough,17.73,56.40,12.07,N/A,2932.15,N/A,0,0,0,0
1782320755292,Forge,CAPTURE_OFF,2,World Flythrough,18.49,54.09,26.77,N/A,3611.93,N/A,0,0,0,0
1782320755333,Forge,CAPTURE_OFF,2,World Flythrough,11.20,89.31,26.77,N/A,3611.93,N/A,0,0,0,0
1782320755366,Forge,CAPTURE_OFF,2,World Flythrough,29.83,33.53,26.77,N/A,3611.93,N/A,0,0,0,0
1782320755398,Forge,CAPTURE_OFF,2,World Flythrough,31.59,31.65,26.77,N/A,3611.93,N/A,0,0,0,0
1782320755416,Forge,CAPTURE_OFF,2,World Flythrough,54.18,18.46,26.77,N/A,3611.93,N/A,0,0,0,0
1782320755447,Forge,CAPTURE_OFF,2,World Flythrough,32.45,30.82,26.77,N/A,3611.93,N/A,0,0,0,0
1782320755465,Forge,CAPTURE_OFF,2,World Flythrough,56.02,17.85,26.77,N/A,3611.93,N/A,0,0,0,0
1782320755497,Forge,CAPTURE_OFF,2,World Flythrough,30.95,32.31,26.77,N/A,3611.93,N/A,0,0,0,0
1782320755514,Forge,CAPTURE_OFF,2,World Flythrough,57.49,17.40,26.77,N/A,3611.93,N/A,0,0,0,0
1782320755546,Forge,CAPTURE_OFF,2,World Flythrough,32.16,31.09,26.77,N/A,3611.93,N/A,0,0,0,0
1782320755565,Forge,CAPTURE_OFF,2,World Flythrough,52.71,18.97,26.77,N/A,3611.93,N/A,0,0,0,0
1782320755595,Forge,CAPTURE_OFF,2,World Flythrough,32.56,30.71,26.77,N/A,3611.93,N/A,0,0,0,0
1782320755616,Forge,CAPTURE_OFF,2,World Flythrough,48.82,20.48,26.77,N/A,3611.93,N/A,0,0,0,0
1782320755647,Forge,CAPTURE_OFF,2,World Flythrough,32.59,30.68,26.77,N/A,3611.93,N/A,0,0,0,0
1782320755664,Forge,CAPTURE_OFF,2,World Flythrough,57.92,17.27,26.77,N/A,3611.93,N/A,0,0,0,0
1782320755694,Forge,CAPTURE_OFF,2,World Flythrough,33.35,29.99,26.77,N/A,3611.93,N/A,0,0,0,0
1782320755714,Forge,CAPTURE_OFF,2,World Flythrough,50.10,19.96,26.77,N/A,3611.93,N/A,0,0,0,0
1782320755745,Forge,CAPTURE_OFF,2,World Flythrough,32.26,31.00,26.77,N/A,3611.93,N/A,0,0,0,0
1782320755765,Forge,CAPTURE_OFF,2,World Flythrough,50.76,19.70,26.77,N/A,3611.93,N/A,0,0,0,0
1782320755794,Forge,CAPTURE_OFF,2,World Flythrough,33.78,29.60,26.77,N/A,3611.93,N/A,0,0,0,0
1782320755815,Forge,CAPTURE_OFF,2,World Flythrough,47.85,20.90,26.77,N/A,3611.93,N/A,0,0,0,0
1782320755844,Forge,CAPTURE_OFF,2,World Flythrough,34.80,28.74,26.77,N/A,3611.93,N/A,0,0,0,0
1782320755864,Forge,CAPTURE_OFF,2,World Flythrough,49.63,20.15,26.77,N/A,3611.93,N/A,0,0,0,0
1782320755894,Forge,CAPTURE_OFF,2,World Flythrough,32.98,30.32,26.77,N/A,3611.93,N/A,0,0,0,0
1782320755914,Forge,CAPTURE_OFF,2,World Flythrough,50.17,19.93,26.77,N/A,3611.93,N/A,0,0,0,0
1782320755944,Forge,CAPTURE_OFF,2,World Flythrough,33.90,29.50,26.77,N/A,3611.93,N/A,0,0,0,0
1782320755964,Forge,CAPTURE_OFF,2,World Flythrough,48.67,20.55,26.77,N/A,3611.93,N/A,0,0,0,0
1782320755995,Forge,CAPTURE_OFF,2,World Flythrough,32.48,30.78,26.77,N/A,3611.93,N/A,0,0,0,0
1782320756017,Forge,CAPTURE_OFF,2,World Flythrough,45.51,21.98,26.77,N/A,3611.93,N/A,0,0,0,0
1782320756047,Forge,CAPTURE_OFF,2,World Flythrough,33.24,30.08,26.77,N/A,3611.93,N/A,0,0,0,0
1782320756065,Forge,CAPTURE_OFF,2,World Flythrough,55.54,18.01,26.77,N/A,3611.93,N/A,0,0,0,0
1782320756096,Forge,CAPTURE_OFF,2,World Flythrough,31.95,31.30,26.77,N/A,3611.93,N/A,0,0,0,0
1782320756115,Forge,CAPTURE_OFF,2,World Flythrough,53.69,18.62,26.77,N/A,3611.93,N/A,0,0,0,0
1782320756145,Forge,CAPTURE_OFF,2,World Flythrough,32.65,30.63,26.77,N/A,3611.93,N/A,0,0,0,0
1782320756165,Forge,CAPTURE_OFF,2,World Flythrough,51.67,19.35,26.77,N/A,3611.93,N/A,0,0,0,0
1782320756202,Forge,CAPTURE_OFF,2,World Flythrough,27.21,36.75,26.77,N/A,3611.93,N/A,0,0,0,0
1782320756225,Forge,CAPTURE_OFF,2,World Flythrough,41.95,23.84,26.77,N/A,3611.93,N/A,0,0,0,0
1782320756297,Forge,CAPTURE_OFF,2,World Flythrough,37.28,26.83,15.27,N/A,3897.12,N/A,0,0,0,0
1782320756323,Forge,CAPTURE_OFF,2,World Flythrough,14.17,70.59,15.27,N/A,3897.12,N/A,0,0,0,0
1782320756456,Forge,CAPTURE_OFF,2,World Flythrough,7.52,132.93,15.27,N/A,3897.12,N/A,0,0,0,0
1782320756527,Forge,CAPTURE_OFF,2,World Flythrough,13.95,71.66,15.27,N/A,3897.12,N/A,0,0,0,0
1782320756580,Forge,CAPTURE_OFF,2,World Flythrough,19.13,52.28,15.27,N/A,3897.12,N/A,0,0,0,0
1782320756629,Forge,CAPTURE_OFF,2,World Flythrough,20.36,49.11,15.27,N/A,3897.12,N/A,0,0,0,0
1782320756666,Forge,CAPTURE_OFF,2,World Flythrough,26.91,37.16,15.27,N/A,3897.12,N/A,0,0,0,0
1782320756696,Forge,CAPTURE_OFF,2,World Flythrough,33.30,30.03,15.27,N/A,3897.12,N/A,0,0,0,0
1782320756715,Forge,CAPTURE_OFF,2,World Flythrough,51.17,19.54,15.27,N/A,3897.12,N/A,0,0,0,0
1782320756748,Forge,CAPTURE_OFF,2,World Flythrough,30.86,32.40,15.27,N/A,3897.12,N/A,0,0,0,0
1782320756773,Forge,CAPTURE_OFF,2,World Flythrough,39.65,25.22,15.27,N/A,3897.12,N/A,0,0,0,0
1782320756808,Forge,CAPTURE_OFF,2,World Flythrough,28.47,35.12,15.27,N/A,3897.12,N/A,0,0,0,0
1782320756832,Forge,CAPTURE_OFF,2,World Flythrough,42.48,23.54,15.27,N/A,3897.12,N/A,0,0,0,0
1782320756884,Forge,CAPTURE_OFF,2,World Flythrough,19.13,52.28,15.27,N/A,3897.12,N/A,0,0,0,0
1782320756919,Forge,CAPTURE_OFF,2,World Flythrough,29.19,34.26,15.27,N/A,3897.12,N/A,0,0,0,0
1782320756953,Forge,CAPTURE_OFF,2,World Flythrough,28.99,34.50,15.27,N/A,3897.12,N/A,0,0,0,0
1782320756975,Forge,CAPTURE_OFF,2,World Flythrough,45.23,22.11,15.27,N/A,3897.12,N/A,0,0,0,0
1782320757002,Forge,CAPTURE_OFF,2,World Flythrough,36.91,27.10,15.27,N/A,3897.12,N/A,0,0,0,0
1782320757029,Forge,CAPTURE_OFF,2,World Flythrough,36.83,27.15,15.27,N/A,3897.12,N/A,0,0,0,0
1782320757054,Forge,CAPTURE_OFF,2,World Flythrough,39.56,25.28,15.27,N/A,3897.12,N/A,0,0,0,0
1782320757102,Forge,CAPTURE_OFF,2,World Flythrough,20.96,47.72,15.27,N/A,3897.12,N/A,0,0,0,0
1782320757123,Forge,CAPTURE_OFF,2,World Flythrough,47.66,20.98,15.27,N/A,3897.12,N/A,0,0,0,0
1782320757156,Forge,CAPTURE_OFF,2,World Flythrough,30.76,32.51,15.27,N/A,3897.12,N/A,0,0,0,0
1782320757199,Forge,CAPTURE_OFF,2,World Flythrough,23.02,43.44,15.27,N/A,3897.12,N/A,0,0,0,0
1782320757234,Forge,CAPTURE_OFF,2,World Flythrough,28.77,34.76,15.27,N/A,3897.12,N/A,0,0,0,0
1782320757332,Forge,CAPTURE_OFF,2,World Flythrough,25.37,39.42,34.78,N/A,4599.87,N/A,0,0,0,0
1782320757377,Forge,CAPTURE_OFF,2,World Flythrough,9.62,103.94,34.78,N/A,4599.87,N/A,0,0,0,0
1782320757410,Forge,CAPTURE_OFF,2,World Flythrough,30.37,32.93,34.78,N/A,4599.87,N/A,0,0,0,0
1782320757460,Forge,CAPTURE_OFF,2,World Flythrough,20.32,49.21,34.78,N/A,4599.87,N/A,0,0,0,0
1782320757490,Forge,CAPTURE_OFF,2,World Flythrough,33.16,30.16,34.78,N/A,4599.87,N/A,0,0,0,0
1782320757530,Forge,CAPTURE_OFF,2,World Flythrough,24.89,40.17,34.78,N/A,4599.87,N/A,0,0,0,0
1782320757563,Forge,CAPTURE_OFF,2,World Flythrough,30.26,33.05,34.78,N/A,4599.87,N/A,0,0,0,0
1782320757603,Forge,CAPTURE_OFF,2,World Flythrough,24.97,40.05,34.78,N/A,4599.87,N/A,0,0,0,0
1782320757624,Forge,CAPTURE_OFF,2,World Flythrough,47.87,20.89,34.78,N/A,4599.87,N/A,0,0,0,0
1782320757658,Forge,CAPTURE_OFF,2,World Flythrough,29.35,34.07,34.78,N/A,4599.87,N/A,0,0,0,0
1782320757683,Forge,CAPTURE_OFF,2,World Flythrough,39.29,25.45,34.78,N/A,4599.87,N/A,0,0,0,0
1782320757713,Forge,CAPTURE_OFF,2,World Flythrough,34.16,29.27,34.78,N/A,4599.87,N/A,0,0,0,0
1782320757735,Forge,CAPTURE_OFF,2,World Flythrough,43.64,22.91,34.78,N/A,4599.87,N/A,0,0,0,0
1782320757766,Forge,CAPTURE_OFF,2,World Flythrough,32.55,30.73,34.78,N/A,4599.87,N/A,0,0,0,0
1782320757785,Forge,CAPTURE_OFF,2,World Flythrough,53.74,18.61,34.78,N/A,4599.87,N/A,0,0,0,0
1782320757807,Forge,CAPTURE_OFF,2,World Flythrough,45.25,22.10,34.78,N/A,4599.87,N/A,0,0,0,0
1782320757832,Forge,CAPTURE_OFF,2,World Flythrough,39.01,25.64,34.78,N/A,4599.87,N/A,0,0,0,0
1782320757860,Forge,CAPTURE_OFF,2,World Flythrough,36.34,27.52,34.78,N/A,4599.87,N/A,0,0,0,0
1782320757883,Forge,CAPTURE_OFF,2,World Flythrough,44.05,22.70,34.78,N/A,4599.87,N/A,0,0,0,0
1782320757909,Forge,CAPTURE_OFF,2,World Flythrough,37.58,26.61,34.78,N/A,4599.87,N/A,0,0,0,0
1782320757933,Forge,CAPTURE_OFF,2,World Flythrough,43.55,22.96,34.78,N/A,4599.87,N/A,0,0,0,0
1782320757958,Forge,CAPTURE_OFF,2,World Flythrough,39.15,25.54,34.78,N/A,4599.87,N/A,0,0,0,0
1782320757983,Forge,CAPTURE_OFF,2,World Flythrough,39.94,25.04,34.78,N/A,4599.87,N/A,0,0,0,0
1782320763066,Forge,CAPTURE_ON,2,World Flythrough,39.84,25.10,7.02,N/A,2897.27,N/A,0,0,0,0
1782320763096,Forge,CAPTURE_ON,2,World Flythrough,13.68,73.08,7.02,N/A,2897.27,N/A,0,0,0,0
1782320763112,Forge,CAPTURE_ON,2,World Flythrough,62.90,15.90,7.02,N/A,2897.27,N/A,0,0,0,0
1782320763147,Forge,CAPTURE_ON,2,World Flythrough,28.50,35.08,7.02,N/A,2897.27,N/A,0,0,0,0
1782320763171,Forge,CAPTURE_ON,2,World Flythrough,42.32,23.63,7.02,N/A,2897.27,N/A,0,0,0,0
1782320763197,Forge,CAPTURE_ON,2,World Flythrough,38.30,26.11,7.02,N/A,2897.27,N/A,0,0,0,0
1782320763222,Forge,CAPTURE_ON,2,World Flythrough,39.97,25.02,7.02,N/A,2897.27,N/A,0,0,0,0
1782320763248,Forge,CAPTURE_ON,2,World Flythrough,39.30,25.44,7.02,N/A,2897.27,N/A,0,0,0,0
1782320763272,Forge,CAPTURE_ON,2,World Flythrough,41.30,24.21,7.02,N/A,2897.27,N/A,0,0,0,0
1782320763298,Forge,CAPTURE_ON,2,World Flythrough,37.65,26.56,7.02,N/A,2897.27,N/A,0,0,0,0
1782320763321,Forge,CAPTURE_ON,2,World Flythrough,42.82,23.35,7.02,N/A,2897.27,N/A,0,0,0,0
1782320763347,Forge,CAPTURE_ON,2,World Flythrough,40.28,24.82,7.02,N/A,2897.27,N/A,0,0,0,0
1782320763372,Forge,CAPTURE_ON,2,World Flythrough,40.27,24.84,7.02,N/A,2897.27,N/A,0,0,0,0
1782320763397,Forge,CAPTURE_ON,2,World Flythrough,39.34,25.42,7.02,N/A,2897.27,N/A,0,0,0,0
1782320763422,Forge,CAPTURE_ON,2,World Flythrough,39.51,25.31,7.02,N/A,2897.27,N/A,0,0,0,0
1782320763447,Forge,CAPTURE_ON,2,World Flythrough,40.04,24.97,7.02,N/A,2897.27,N/A,0,0,0,0
1782320763471,Forge,CAPTURE_ON,2,World Flythrough,41.13,24.31,7.02,N/A,2897.27,N/A,0,0,0,0
1782320763499,Forge,CAPTURE_ON,2,World Flythrough,36.91,27.09,7.02,N/A,2897.27,N/A,0,0,0,0
1782320763521,Forge,CAPTURE_ON,2,World Flythrough,44.25,22.60,7.02,N/A,2897.27,N/A,0,0,0,0
1782320763547,Forge,CAPTURE_ON,2,World Flythrough,39.22,25.50,7.02,N/A,2897.27,N/A,0,0,0,0
1782320763571,Forge,CAPTURE_ON,2,World Flythrough,40.88,24.46,7.02,N/A,2897.27,N/A,0,0,0,0
1782320763596,Forge,CAPTURE_ON,2,World Flythrough,39.55,25.29,7.02,N/A,2897.27,N/A,0,0,0,0
1782320763622,Forge,CAPTURE_ON,2,World Flythrough,38.52,25.96,7.02,N/A,2897.27,N/A,0,0,0,0
1782320763648,Forge,CAPTURE_ON,2,World Flythrough,39.18,25.52,7.02,N/A,2897.27,N/A,0,0,0,0
1782320763672,Forge,CAPTURE_ON,2,World Flythrough,41.57,24.06,7.02,N/A,2897.27,N/A,0,0,0,0
1782320763698,Forge,CAPTURE_ON,2,World Flythrough,37.53,26.64,7.02,N/A,2897.27,N/A,0,0,0,0
1782320763722,Forge,CAPTURE_ON,2,World Flythrough,43.62,22.93,7.02,N/A,2897.27,N/A,0,0,0,0
1782320763749,Forge,CAPTURE_ON,2,World Flythrough,35.92,27.84,7.02,N/A,2897.27,N/A,0,0,0,0
1782320763772,Forge,CAPTURE_ON,2,World Flythrough,43.59,22.94,7.02,N/A,2897.27,N/A,0,0,0,0
1782320763798,Forge,CAPTURE_ON,2,World Flythrough,38.91,25.70,7.02,N/A,2897.27,N/A,0,0,0,0
1782320763822,Forge,CAPTURE_ON,2,World Flythrough,41.34,24.19,7.02,N/A,2897.27,N/A,0,0,0,0
1782320763847,Forge,CAPTURE_ON,2,World Flythrough,39.85,25.10,7.02,N/A,2897.27,N/A,0,0,0,0
1782320763872,Forge,CAPTURE_ON,2,World Flythrough,40.96,24.42,7.02,N/A,2897.27,N/A,0,0,0,0
1782320763898,Forge,CAPTURE_ON,2,World Flythrough,38.10,26.25,7.02,N/A,2897.27,N/A,0,0,0,0
1782320763921,Forge,CAPTURE_ON,2,World Flythrough,42.54,23.51,7.02,N/A,2897.27,N/A,0,0,0,0
1782320763947,Forge,CAPTURE_ON,2,World Flythrough,38.34,26.08,7.02,N/A,2897.27,N/A,0,0,0,0
1782320763971,Forge,CAPTURE_ON,2,World Flythrough,41.64,24.02,7.02,N/A,2897.27,N/A,0,0,0,0
1782320764002,Forge,CAPTURE_ON,2,World Flythrough,32.07,31.18,7.02,N/A,2897.27,N/A,0,0,0,0
1782320764022,Forge,CAPTURE_ON,2,World Flythrough,50.53,19.79,7.02,N/A,2897.27,N/A,0,0,0,0
1782320764097,Forge,CAPTURE_ON,2,World Flythrough,39.60,25.25,8.29,N/A,3276.63,N/A,0,0,0,0
1782320764118,Forge,CAPTURE_ON,2,World Flythrough,14.13,70.77,8.29,N/A,3276.63,N/A,0,0,0,0
1782320764149,Forge,CAPTURE_ON,2,World Flythrough,32.14,31.11,8.29,N/A,3276.63,N/A,0,0,0,0
1782320764168,Forge,CAPTURE_ON,2,World Flythrough,52.29,19.12,8.29,N/A,3276.63,N/A,0,0,0,0
1782320764199,Forge,CAPTURE_ON,2,World Flythrough,32.78,30.51,8.29,N/A,3276.63,N/A,0,0,0,0
1782320764218,Forge,CAPTURE_ON,2,World Flythrough,52.65,18.99,8.29,N/A,3276.63,N/A,0,0,0,0
1782320764249,Forge,CAPTURE_ON,2,World Flythrough,32.50,30.77,8.29,N/A,3276.63,N/A,0,0,0,0
1782320764269,Forge,CAPTURE_ON,2,World Flythrough,49.12,20.36,8.29,N/A,3276.63,N/A,0,0,0,0
1782320764299,Forge,CAPTURE_ON,2,World Flythrough,33.47,29.88,8.29,N/A,3276.63,N/A,0,0,0,0
1782320764319,Forge,CAPTURE_ON,2,World Flythrough,50.76,19.70,8.29,N/A,3276.63,N/A,0,0,0,0
1782320764350,Forge,CAPTURE_ON,2,World Flythrough,32.25,31.01,8.29,N/A,3276.63,N/A,0,0,0,0
1782320764369,Forge,CAPTURE_ON,2,World Flythrough,53.71,18.62,8.29,N/A,3276.63,N/A,0,0,0,0
1782320764399,Forge,CAPTURE_ON,2,World Flythrough,32.88,30.42,8.29,N/A,3276.63,N/A,0,0,0,0
1782320764418,Forge,CAPTURE_ON,2,World Flythrough,50.98,19.61,8.29,N/A,3276.63,N/A,0,0,0,0
1782320764449,Forge,CAPTURE_ON,2,World Flythrough,32.61,30.66,8.29,N/A,3276.63,N/A,0,0,0,0
1782320764469,Forge,CAPTURE_ON,2,World Flythrough,49.35,20.26,8.29,N/A,3276.63,N/A,0,0,0,0
1782320764499,Forge,CAPTURE_ON,2,World Flythrough,33.77,29.62,8.29,N/A,3276.63,N/A,0,0,0,0
1782320764518,Forge,CAPTURE_ON,2,World Flythrough,51.82,19.30,8.29,N/A,3276.63,N/A,0,0,0,0
1782320764549,Forge,CAPTURE_ON,2,World Flythrough,32.66,30.62,8.29,N/A,3276.63,N/A,0,0,0,0
1782320764569,Forge,CAPTURE_ON,2,World Flythrough,50.64,19.75,8.29,N/A,3276.63,N/A,0,0,0,0
1782320764599,Forge,CAPTURE_ON,2,World Flythrough,33.06,30.25,8.29,N/A,3276.63,N/A,0,0,0,0
1782320764618,Forge,CAPTURE_ON,2,World Flythrough,51.52,19.41,8.29,N/A,3276.63,N/A,0,0,0,0
1782320764649,Forge,CAPTURE_ON,2,World Flythrough,33.14,30.18,8.29,N/A,3276.63,N/A,0,0,0,0
1782320764669,Forge,CAPTURE_ON,2,World Flythrough,49.64,20.14,8.29,N/A,3276.63,N/A,0,0,0,0
1782320764699,Forge,CAPTURE_ON,2,World Flythrough,33.27,30.06,8.29,N/A,3276.63,N/A,0,0,0,0
1782320764718,Forge,CAPTURE_ON,2,World Flythrough,51.88,19.28,8.29,N/A,3276.63,N/A,0,0,0,0
1782320764750,Forge,CAPTURE_ON,2,World Flythrough,31.58,31.67,8.29,N/A,3276.63,N/A,0,0,0,0
1782320764770,Forge,CAPTURE_ON,2,World Flythrough,50.14,19.95,8.29,N/A,3276.63,N/A,0,0,0,0
1782320764800,Forge,CAPTURE_ON,2,World Flythrough,33.10,30.21,8.29,N/A,3276.63,N/A,0,0,0,0
1782320764818,Forge,CAPTURE_ON,2,World Flythrough,54.27,18.42,8.29,N/A,3276.63,N/A,0,0,0,0
1782320764850,Forge,CAPTURE_ON,2,World Flythrough,31.33,31.92,8.29,N/A,3276.63,N/A,0,0,0,0
1782320764870,Forge,CAPTURE_ON,2,World Flythrough,51.48,19.42,8.29,N/A,3276.63,N/A,0,0,0,0
1782320764899,Forge,CAPTURE_ON,2,World Flythrough,34.62,28.89,8.29,N/A,3276.63,N/A,0,0,0,0
1782320764920,Forge,CAPTURE_ON,2,World Flythrough,47.55,21.03,8.29,N/A,3276.63,N/A,0,0,0,0
1782320764949,Forge,CAPTURE_ON,2,World Flythrough,33.82,29.56,8.29,N/A,3276.63,N/A,0,0,0,0
1782320764969,Forge,CAPTURE_ON,2,World Flythrough,50.83,19.67,8.29,N/A,3276.63,N/A,0,0,0,0
1782320764998,Forge,CAPTURE_ON,2,World Flythrough,33.20,30.12,8.29,N/A,3276.63,N/A,0,0,0,0
1782320765018,Forge,CAPTURE_ON,2,World Flythrough,50.28,19.89,8.29,N/A,3276.63,N/A,0,0,0,0
1782320765092,Forge,CAPTURE_ON,2,World Flythrough,33.20,30.12,10.64,N/A,3568.64,N/A,0,0,0,0
1782320765115,Forge,CAPTURE_ON,2,World Flythrough,15.12,66.12,10.64,N/A,3568.64,N/A,0,0,0,0
1782320765145,Forge,CAPTURE_ON,2,World Flythrough,33.67,29.70,10.64,N/A,3568.64,N/A,0,0,0,0
1782320765165,Forge,CAPTURE_ON,2,World Flythrough,48.93,20.44,10.64,N/A,3568.64,N/A,0,0,0,0
1782320765194,Forge,CAPTURE_ON,2,World Flythrough,34.35,29.11,10.64,N/A,3568.64,N/A,0,0,0,0
1782320765214,Forge,CAPTURE_ON,2,World Flythrough,50.93,19.63,10.64,N/A,3568.64,N/A,0,0,0,0
1782320765245,Forge,CAPTURE_ON,2,World Flythrough,32.01,31.24,10.64,N/A,3568.64,N/A,0,0,0,0
1782320765265,Forge,CAPTURE_ON,2,World Flythrough,51.04,19.59,10.64,N/A,3568.64,N/A,0,0,0,0
1782320765295,Forge,CAPTURE_ON,2,World Flythrough,33.11,30.20,10.64,N/A,3568.64,N/A,0,0,0,0
1782320765324,Forge,CAPTURE_ON,2,World Flythrough,34.06,29.36,10.64,N/A,3568.64,N/A,0,0,0,0
1782320765349,Forge,CAPTURE_ON,2,World Flythrough,40.84,24.48,10.64,N/A,3568.64,N/A,0,0,0,0
1782320765368,Forge,CAPTURE_ON,2,World Flythrough,52.08,19.20,10.64,N/A,3568.64,N/A,0,0,0,0
1782320765396,Forge,CAPTURE_ON,2,World Flythrough,35.57,28.12,10.64,N/A,3568.64,N/A,0,0,0,0
1782320765415,Forge,CAPTURE_ON,2,World Flythrough,53.17,18.81,10.64,N/A,3568.64,N/A,0,0,0,0
1782320765448,Forge,CAPTURE_ON,2,World Flythrough,30.72,32.56,10.64,N/A,3568.64,N/A,0,0,0,0
1782320765465,Forge,CAPTURE_ON,2,World Flythrough,56.53,17.69,10.64,N/A,3568.64,N/A,0,0,0,0
1782320765498,Forge,CAPTURE_ON,2,World Flythrough,30.28,33.03,10.64,N/A,3568.64,N/A,0,0,0,0
1782320765519,Forge,CAPTURE_ON,2,World Flythrough,48.49,20.62,10.64,N/A,3568.64,N/A,0,0,0,0
1782320765546,Forge,CAPTURE_ON,2,World Flythrough,37.25,26.84,10.64,N/A,3568.64,N/A,0,0,0,0
1782320765565,Forge,CAPTURE_ON,2,World Flythrough,53.21,18.79,10.64,N/A,3568.64,N/A,0,0,0,0
1782320765595,Forge,CAPTURE_ON,2,World Flythrough,33.31,30.02,10.64,N/A,3568.64,N/A,0,0,0,0
1782320765615,Forge,CAPTURE_ON,2,World Flythrough,50.13,19.95,10.64,N/A,3568.64,N/A,0,0,0,0
1782320765645,Forge,CAPTURE_ON,2,World Flythrough,33.28,30.04,10.64,N/A,3568.64,N/A,0,0,0,0
1782320765664,Forge,CAPTURE_ON,2,World Flythrough,51.37,19.47,10.64,N/A,3568.64,N/A,0,0,0,0
1782320765695,Forge,CAPTURE_ON,2,World Flythrough,32.19,31.07,10.64,N/A,3568.64,N/A,0,0,0,0
1782320765717,Forge,CAPTURE_ON,2,World Flythrough,45.44,22.01,10.64,N/A,3568.64,N/A,0,0,0,0
1782320765746,Forge,CAPTURE_ON,2,World Flythrough,34.52,28.97,10.64,N/A,3568.64,N/A,0,0,0,0
1782320765765,Forge,CAPTURE_ON,2,World Flythrough,51.92,19.26,10.64,N/A,3568.64,N/A,0,0,0,0
1782320765795,Forge,CAPTURE_ON,2,World Flythrough,33.63,29.73,10.64,N/A,3568.64,N/A,0,0,0,0
1782320765816,Forge,CAPTURE_ON,2,World Flythrough,48.61,20.57,10.64,N/A,3568.64,N/A,0,0,0,0
1782320765848,Forge,CAPTURE_ON,2,World Flythrough,31.31,31.94,10.64,N/A,3568.64,N/A,0,0,0,0
1782320765868,Forge,CAPTURE_ON,2,World Flythrough,49.96,20.02,10.64,N/A,3568.64,N/A,0,0,0,0
1782320765895,Forge,CAPTURE_ON,2,World Flythrough,36.17,27.65,10.64,N/A,3568.64,N/A,0,0,0,0
1782320765916,Forge,CAPTURE_ON,2,World Flythrough,47.25,21.16,10.64,N/A,3568.64,N/A,0,0,0,0
1782320765946,Forge,CAPTURE_ON,2,World Flythrough,33.56,29.79,10.64,N/A,3568.64,N/A,0,0,0,0
1782320765964,Forge,CAPTURE_ON,2,World Flythrough,54.67,18.29,10.64,N/A,3568.64,N/A,0,0,0,0
1782320765995,Forge,CAPTURE_ON,2,World Flythrough,32.30,30.96,10.64,N/A,3568.64,N/A,0,0,0,0
1782320766014,Forge,CAPTURE_ON,2,World Flythrough,53.61,18.65,10.64,N/A,3568.64,N/A,0,0,0,0
1782320766044,Forge,CAPTURE_ON,2,World Flythrough,33.09,30.22,10.64,N/A,3568.64,N/A,0,0,0,0
1782320766109,Forge,CAPTURE_ON,2,World Flythrough,49.15,20.35,11.93,N/A,3812.63,N/A,0,0,0,0
1782320766130,Forge,CAPTURE_ON,2,World Flythrough,15.34,65.18,11.93,N/A,3812.63,N/A,0,0,0,0
1782320766156,Forge,CAPTURE_ON,2,World Flythrough,37.62,26.58,11.93,N/A,3812.63,N/A,0,0,0,0
1782320766180,Forge,CAPTURE_ON,2,World Flythrough,41.72,23.97,11.93,N/A,3812.63,N/A,0,0,0,0
1782320766206,Forge,CAPTURE_ON,2,World Flythrough,39.34,25.42,11.93,N/A,3812.63,N/A,0,0,0,0
1782320766231,Forge,CAPTURE_ON,2,World Flythrough,39.70,25.19,11.93,N/A,3812.63,N/A,0,0,0,0
1782320766255,Forge,CAPTURE_ON,2,World Flythrough,40.78,24.52,11.93,N/A,3812.63,N/A,0,0,0,0
1782320766280,Forge,CAPTURE_ON,2,World Flythrough,40.02,24.98,11.93,N/A,3812.63,N/A,0,0,0,0
1782320766305,Forge,CAPTURE_ON,2,World Flythrough,40.29,24.82,11.93,N/A,3812.63,N/A,0,0,0,0
1782320766331,Forge,CAPTURE_ON,2,World Flythrough,39.12,25.56,11.93,N/A,3812.63,N/A,0,0,0,0
1782320766356,Forge,CAPTURE_ON,2,World Flythrough,39.27,25.46,11.93,N/A,3812.63,N/A,0,0,0,0
1782320766381,Forge,CAPTURE_ON,2,World Flythrough,40.85,24.48,11.93,N/A,3812.63,N/A,0,0,0,0
1782320766405,Forge,CAPTURE_ON,2,World Flythrough,40.99,24.40,11.93,N/A,3812.63,N/A,0,0,0,0
1782320766433,Forge,CAPTURE_ON,2,World Flythrough,36.21,27.61,11.93,N/A,3812.63,N/A,0,0,0,0
1782320766456,Forge,CAPTURE_ON,2,World Flythrough,43.00,23.26,11.93,N/A,3812.63,N/A,0,0,0,0
1782320766482,Forge,CAPTURE_ON,2,World Flythrough,39.00,25.64,11.93,N/A,3812.63,N/A,0,0,0,0
1782320766506,Forge,CAPTURE_ON,2,World Flythrough,41.02,24.38,11.93,N/A,3812.63,N/A,0,0,0,0
1782320766542,Forge,CAPTURE_ON,2,World Flythrough,28.17,35.50,11.93,N/A,3812.63,N/A,0,0,0,0
1782320766567,Forge,CAPTURE_ON,2,World Flythrough,39.25,25.48,11.93,N/A,3812.63,N/A,0,0,0,0
1782320766600,Forge,CAPTURE_ON,2,World Flythrough,30.00,33.33,11.93,N/A,3812.63,N/A,0,0,0,0
1782320766616,Forge,CAPTURE_ON,2,World Flythrough,63.31,15.80,11.93,N/A,3812.63,N/A,0,0,0,0
1782320766650,Forge,CAPTURE_ON,2,World Flythrough,29.26,34.18,11.93,N/A,3812.63,N/A,0,0,0,0
1782320766674,Forge,CAPTURE_ON,2,World Flythrough,41.67,24.00,11.93,N/A,3812.63,N/A,0,0,0,0
1782320766700,Forge,CAPTURE_ON,2,World Flythrough,38.21,26.17,11.93,N/A,3812.63,N/A,0,0,0,0
1782320766725,Forge,CAPTURE_ON,2,World Flythrough,40.80,24.51,11.93,N/A,3812.63,N/A,0,0,0,0
1782320766759,Forge,CAPTURE_ON,2,World Flythrough,29.49,33.91,11.93,N/A,3812.63,N/A,0,0,0,0
1782320766783,Forge,CAPTURE_ON,2,World Flythrough,41.29,24.22,11.93,N/A,3812.63,N/A,0,0,0,0
1782320766809,Forge,CAPTURE_ON,2,World Flythrough,38.89,25.72,11.93,N/A,3812.63,N/A,0,0,0,0
1782320766833,Forge,CAPTURE_ON,2,World Flythrough,40.69,24.58,11.93,N/A,3812.63,N/A,0,0,0,0
1782320766860,Forge,CAPTURE_ON,2,World Flythrough,36.72,27.23,11.93,N/A,3812.63,N/A,0,0,0,0
1782320766884,Forge,CAPTURE_ON,2,World Flythrough,43.40,23.04,11.93,N/A,3812.63,N/A,0,0,0,0
1782320766913,Forge,CAPTURE_ON,2,World Flythrough,34.40,29.07,11.93,N/A,3812.63,N/A,0,0,0,0
1782320766935,Forge,CAPTURE_ON,2,World Flythrough,45.65,21.91,11.93,N/A,3812.63,N/A,0,0,0,0
1782320766968,Forge,CAPTURE_ON,2,World Flythrough,30.34,32.96,11.93,N/A,3812.63,N/A,0,0,0,0
1782320767003,Forge,CAPTURE_ON,2,World Flythrough,28.60,34.96,11.93,N/A,3812.63,N/A,0,0,0,0
1782320767021,Forge,CAPTURE_ON,2,World Flythrough,51.35,19.48,11.93,N/A,3812.63,N/A,0,0,0,0
1782320767049,Forge,CAPTURE_ON,2,World Flythrough,37.59,26.60,11.93,N/A,3812.63,N/A,0,0,0,0
1782320767113,Forge,CAPTURE_ON,2,World Flythrough,53.54,18.68,12.17,N/A,4088.63,N/A,0,0,0,0
1782320767135,Forge,CAPTURE_ON,2,World Flythrough,14.66,68.24,12.17,N/A,4088.63,N/A,0,0,0,0
1782320767163,Forge,CAPTURE_ON,2,World Flythrough,37.32,26.79,12.17,N/A,4088.63,N/A,0,0,0,0
1782320767186,Forge,CAPTURE_ON,2,World Flythrough,42.62,23.46,12.17,N/A,4088.63,N/A,0,0,0,0
1782320767213,Forge,CAPTURE_ON,2,World Flythrough,36.54,27.37,12.17,N/A,4088.63,N/A,0,0,0,0
1782320767236,Forge,CAPTURE_ON,2,World Flythrough,44.75,22.34,12.17,N/A,4088.63,N/A,0,0,0,0
1782320767262,Forge,CAPTURE_ON,2,World Flythrough,37.02,27.01,12.17,N/A,4088.63,N/A,0,0,0,0
1782320767285,Forge,CAPTURE_ON,2,World Flythrough,43.96,22.75,12.17,N/A,4088.63,N/A,0,0,0,0
1782320767314,Forge,CAPTURE_ON,2,World Flythrough,34.57,28.93,12.17,N/A,4088.63,N/A,0,0,0,0
1782320767336,Forge,CAPTURE_ON,2,World Flythrough,46.73,21.40,12.17,N/A,4088.63,N/A,0,0,0,0
1782320767360,Forge,CAPTURE_ON,2,World Flythrough,41.50,24.10,12.17,N/A,4088.63,N/A,0,0,0,0
1782320767385,Forge,CAPTURE_ON,2,World Flythrough,40.04,24.97,12.17,N/A,4088.63,N/A,0,0,0,0
1782320767428,Forge,CAPTURE_ON,2,World Flythrough,22.84,43.78,12.17,N/A,4088.63,N/A,0,0,0,0
1782320767459,Forge,CAPTURE_ON,2,World Flythrough,33.12,30.19,12.17,N/A,4088.63,N/A,0,0,0,0
1782320767486,Forge,CAPTURE_ON,2,World Flythrough,36.81,27.17,12.17,N/A,4088.63,N/A,0,0,0,0
1782320767522,Forge,CAPTURE_ON,2,World Flythrough,27.77,36.01,12.17,N/A,4088.63,N/A,0,0,0,0
1782320767559,Forge,CAPTURE_ON,2,World Flythrough,26.80,37.31,12.17,N/A,4088.63,N/A,0,0,0,0
1782320767582,Forge,CAPTURE_ON,2,World Flythrough,43.37,23.06,12.17,N/A,4088.63,N/A,0,0,0,0
1782320767619,Forge,CAPTURE_ON,2,World Flythrough,27.14,36.85,12.17,N/A,4088.63,N/A,0,0,0,0
1782320767649,Forge,CAPTURE_ON,2,World Flythrough,33.11,30.20,12.17,N/A,4088.63,N/A,0,0,0,0
1782320767671,Forge,CAPTURE_ON,2,World Flythrough,45.84,21.81,12.17,N/A,4088.63,N/A,0,0,0,0
1782320767703,Forge,CAPTURE_ON,2,World Flythrough,31.61,31.64,12.17,N/A,4088.63,N/A,0,0,0,0
1782320767726,Forge,CAPTURE_ON,2,World Flythrough,41.94,23.84,12.17,N/A,4088.63,N/A,0,0,0,0
1782320767759,Forge,CAPTURE_ON,2,World Flythrough,30.99,32.27,12.17,N/A,4088.63,N/A,0,0,0,0
1782320767783,Forge,CAPTURE_ON,2,World Flythrough,40.54,24.66,12.17,N/A,4088.63,N/A,0,0,0,0
1782320767817,Forge,CAPTURE_ON,2,World Flythrough,29.75,33.61,12.17,N/A,4088.63,N/A,0,0,0,0
1782320767847,Forge,CAPTURE_ON,2,World Flythrough,33.68,29.69,12.17,N/A,4088.63,N/A,0,0,0,0
1782320767869,Forge,CAPTURE_ON,2,World Flythrough,45.29,22.08,12.17,N/A,4088.63,N/A,0,0,0,0
1782320767895,Forge,CAPTURE_ON,2,World Flythrough,37.78,26.47,12.17,N/A,4088.63,N/A,0,0,0,0
1782320767920,Forge,CAPTURE_ON,2,World Flythrough,40.81,24.50,12.17,N/A,4088.63,N/A,0,0,0,0
1782320767945,Forge,CAPTURE_ON,2,World Flythrough,39.87,25.08,12.17,N/A,4088.63,N/A,0,0,0,0
1782320767965,Forge,CAPTURE_ON,2,World Flythrough,49.93,20.03,12.17,N/A,4088.63,N/A,0,0,0,0
1782320767995,Forge,CAPTURE_ON,2,World Flythrough,32.99,30.31,12.17,N/A,4088.63,N/A,0,0,0,0
1782320768018,Forge,CAPTURE_ON,2,World Flythrough,44.50,22.47,12.17,N/A,4088.63,N/A,0,0,0,0
1782320768050,Forge,CAPTURE_ON,2,World Flythrough,31.26,31.99,12.17,N/A,4088.63,N/A,0,0,0,0
1782320768132,Forge,CAPTURE_ON,2,World Flythrough,34.87,28.68,25.86,N/A,4569.14,N/A,0,0,0,0
1782320768172,Forge,CAPTURE_ON,2,World Flythrough,10.72,93.32,25.86,N/A,4569.14,N/A,0,0,0,0
1782320768202,Forge,CAPTURE_ON,2,World Flythrough,32.93,30.37,25.86,N/A,4569.14,N/A,0,0,0,0
1782320768220,Forge,CAPTURE_ON,2,World Flythrough,54.25,18.43,25.86,N/A,4569.14,N/A,0,0,0,0
1782320768249,Forge,CAPTURE_ON,2,World Flythrough,35.08,28.51,25.86,N/A,4569.14,N/A,0,0,0,0
1782320768270,Forge,CAPTURE_ON,2,World Flythrough,47.38,21.10,25.86,N/A,4569.14,N/A,0,0,0,0
1782320768302,Forge,CAPTURE_ON,2,World Flythrough,31.09,32.17,25.86,N/A,4569.14,N/A,0,0,0,0
1782320768322,Forge,CAPTURE_ON,2,World Flythrough,52.43,19.07,25.86,N/A,4569.14,N/A,0,0,0,0
1782320768347,Forge,CAPTURE_ON,2,World Flythrough,39.11,25.57,25.86,N/A,4569.14,N/A,0,0,0,0
1782320768370,Forge,CAPTURE_ON,2,World Flythrough,43.17,23.17,25.86,N/A,4569.14,N/A,0,0,0,0
1782320768404,Forge,CAPTURE_ON,2,World Flythrough,29.81,33.55,25.86,N/A,4569.14,N/A,0,0,0,0
1782320768422,Forge,CAPTURE_ON,2,World Flythrough,55.53,18.01,25.86,N/A,4569.14,N/A,0,0,0,0
1782320768447,Forge,CAPTURE_ON,2,World Flythrough,38.09,26.26,25.86,N/A,4569.14,N/A,0,0,0,0
1782320768504,Forge,CAPTURE_ON,2,World Flythrough,17.86,56.00,25.86,N/A,4569.14,N/A,0,0,0,0
1782320768521,Forge,CAPTURE_ON,2,World Flythrough,59.39,16.84,25.86,N/A,4569.14,N/A,0,0,0,0
1782320768548,Forge,CAPTURE_ON,2,World Flythrough,36.84,27.14,25.86,N/A,4569.14,N/A,0,0,0,0
1782320768571,Forge,CAPTURE_ON,2,World Flythrough,43.05,23.23,25.86,N/A,4569.14,N/A,0,0,0,0
1782320768597,Forge,CAPTURE_ON,2,World Flythrough,38.15,26.21,25.86,N/A,4569.14,N/A,0,0,0,0
1782320768620,Forge,CAPTURE_ON,2,World Flythrough,43.08,23.21,25.86,N/A,4569.14,N/A,0,0,0,0
1782320768648,Forge,CAPTURE_ON,2,World Flythrough,37.32,26.80,25.86,N/A,4569.14,N/A,0,0,0,0
1782320768671,Forge,CAPTURE_ON,2,World Flythrough,42.71,23.42,25.86,N/A,4569.14,N/A,0,0,0,0
1782320768698,Forge,CAPTURE_ON,2,World Flythrough,36.48,27.41,25.86,N/A,4569.14,N/A,0,0,0,0
1782320768721,Forge,CAPTURE_ON,2,World Flythrough,43.62,22.93,25.86,N/A,4569.14,N/A,0,0,0,0
1782320768762,Forge,CAPTURE_ON,2,World Flythrough,24.45,40.90,25.86,N/A,4569.14,N/A,0,0,0,0
1782320768780,Forge,CAPTURE_ON,2,World Flythrough,55.06,18.16,25.86,N/A,4569.14,N/A,0,0,0,0
1782320768807,Forge,CAPTURE_ON,2,World Flythrough,38.37,26.06,25.86,N/A,4569.14,N/A,0,0,0,0
1782320768830,Forge,CAPTURE_ON,2,World Flythrough,41.41,24.15,25.86,N/A,4569.14,N/A,0,0,0,0
1782320768855,Forge,CAPTURE_ON,2,World Flythrough,40.48,24.70,25.86,N/A,4569.14,N/A,0,0,0,0
1782320768880,Forge,CAPTURE_ON,2,World Flythrough,39.79,25.13,25.86,N/A,4569.14,N/A,0,0,0,0
1782320768905,Forge,CAPTURE_ON,2,World Flythrough,39.89,25.07,25.86,N/A,4569.14,N/A,0,0,0,0
1782320768930,Forge,CAPTURE_ON,2,World Flythrough,40.21,24.87,25.86,N/A,4569.14,N/A,0,0,0,0
1782320768956,Forge,CAPTURE_ON,2,World Flythrough,38.82,25.76,25.86,N/A,4569.14,N/A,0,0,0,0
1782320768980,Forge,CAPTURE_ON,2,World Flythrough,41.74,23.96,25.86,N/A,4569.14,N/A,0,0,0,0
1782320769005,Forge,CAPTURE_ON,2,World Flythrough,40.46,24.72,25.86,N/A,4569.14,N/A,0,0,0,0
1782320769030,Forge,CAPTURE_ON,2,World Flythrough,39.39,25.39,25.86,N/A,4569.14,N/A,0,0,0,0
1782320769057,Forge,CAPTURE_ON,2,World Flythrough,37.32,26.79,25.86,N/A,4569.14,N/A,0,0,0,0
1782320769126,Forge,CAPTURE_ON,2,World Flythrough,42.52,23.52,27.70,N/A,3335.98,N/A,0,0,0,0
1782320769151,Forge,CAPTURE_ON,2,World Flythrough,14.08,71.00,27.70,N/A,3335.98,N/A,0,0,0,0
1782320769173,Forge,CAPTURE_ON,2,World Flythrough,47.17,21.20,27.70,N/A,3335.98,N/A,0,0,0,0
1782320769197,Forge,CAPTURE_ON,2,World Flythrough,40.42,24.74,27.70,N/A,3335.98,N/A,0,0,0,0
1782320769222,Forge,CAPTURE_ON,2,World Flythrough,40.47,24.71,27.70,N/A,3335.98,N/A,0,0,0,0
1782320769249,Forge,CAPTURE_ON,2,World Flythrough,37.10,26.95,27.70,N/A,3335.98,N/A,0,0,0,0
1782320769272,Forge,CAPTURE_ON,2,World Flythrough,43.52,22.98,27.70,N/A,3335.98,N/A,0,0,0,0
1782320769300,Forge,CAPTURE_ON,2,World Flythrough,35.97,27.80,27.70,N/A,3335.98,N/A,0,0,0,0
1782320769322,Forge,CAPTURE_ON,2,World Flythrough,44.17,22.64,27.70,N/A,3335.98,N/A,0,0,0,0
1782320769349,Forge,CAPTURE_ON,2,World Flythrough,38.01,26.31,27.70,N/A,3335.98,N/A,0,0,0,0
1782320769372,Forge,CAPTURE_ON,2,World Flythrough,42.54,23.51,27.70,N/A,3335.98,N/A,0,0,0,0
1782320769399,Forge,CAPTURE_ON,2,World Flythrough,37.27,26.83,27.70,N/A,3335.98,N/A,0,0,0,0
1782320769422,Forge,CAPTURE_ON,2,World Flythrough,42.85,23.34,27.70,N/A,3335.98,N/A,0,0,0,0
1782320769448,Forge,CAPTURE_ON,2,World Flythrough,39.88,25.07,27.70,N/A,3335.98,N/A,0,0,0,0
1782320769472,Forge,CAPTURE_ON,2,World Flythrough,40.19,24.88,27.70,N/A,3335.98,N/A,0,0,0,0
1782320769499,Forge,CAPTURE_ON,2,World Flythrough,37.25,26.84,27.70,N/A,3335.98,N/A,0,0,0,0
1782320769522,Forge,CAPTURE_ON,2,World Flythrough,43.44,23.02,27.70,N/A,3335.98,N/A,0,0,0,0
1782320769548,Forge,CAPTURE_ON,2,World Flythrough,39.43,25.36,27.70,N/A,3335.98,N/A,0,0,0,0
1782320769572,Forge,CAPTURE_ON,2,World Flythrough,40.73,24.55,27.70,N/A,3335.98,N/A,0,0,0,0
1782320769598,Forge,CAPTURE_ON,2,World Flythrough,37.73,26.50,27.70,N/A,3335.98,N/A,0,0,0,0
1782320769622,Forge,CAPTURE_ON,2,World Flythrough,42.31,23.64,27.70,N/A,3335.98,N/A,0,0,0,0
1782320769648,Forge,CAPTURE_ON,2,World Flythrough,39.49,25.33,27.70,N/A,3335.98,N/A,0,0,0,0
1782320769673,Forge,CAPTURE_ON,2,World Flythrough,39.89,25.07,27.70,N/A,3335.98,N/A,0,0,0,0
1782320769699,Forge,CAPTURE_ON,2,World Flythrough,38.27,26.13,27.70,N/A,3335.98,N/A,0,0,0,0
1782320769722,Forge,CAPTURE_ON,2,World Flythrough,42.66,23.44,27.70,N/A,3335.98,N/A,0,0,0,0
1782320769750,Forge,CAPTURE_ON,2,World Flythrough,36.29,27.56,27.70,N/A,3335.98,N/A,0,0,0,0
1782320769772,Forge,CAPTURE_ON,2,World Flythrough,44.11,22.67,27.70,N/A,3335.98,N/A,0,0,0,0
1782320769799,Forge,CAPTURE_ON,2,World Flythrough,36.71,27.24,27.70,N/A,3335.98,N/A,0,0,0,0
1782320769822,Forge,CAPTURE_ON,2,World Flythrough,44.66,22.39,27.70,N/A,3335.98,N/A,0,0,0,0
1782320769848,Forge,CAPTURE_ON,2,World Flythrough,38.19,26.19,27.70,N/A,3335.98,N/A,0,0,0,0
1782320769872,Forge,CAPTURE_ON,2,World Flythrough,41.47,24.11,27.70,N/A,3335.98,N/A,0,0,0,0
1782320769898,Forge,CAPTURE_ON,2,World Flythrough,39.48,25.33,27.70,N/A,3335.98,N/A,0,0,0,0
1782320769922,Forge,CAPTURE_ON,2,World Flythrough,41.35,24.18,27.70,N/A,3335.98,N/A,0,0,0,0
1782320769947,Forge,CAPTURE_ON,2,World Flythrough,39.23,25.49,27.70,N/A,3335.98,N/A,0,0,0,0
1782320769972,Forge,CAPTURE_ON,2,World Flythrough,39.91,25.06,27.70,N/A,3335.98,N/A,0,0,0,0
1782320770000,Forge,CAPTURE_ON,2,World Flythrough,36.31,27.54,27.70,N/A,3335.98,N/A,0,0,0,0
1782320770022,Forge,CAPTURE_ON,2,World Flythrough,45.07,22.19,27.70,N/A,3335.98,N/A,0,0,0,0
1782320770049,Forge,CAPTURE_ON,2,World Flythrough,38.15,26.21,27.70,N/A,3335.98,N/A,0,0,0,0
1782320770072,Forge,CAPTURE_ON,2,World Flythrough,41.61,24.03,27.70,N/A,3335.98,N/A,0,0,0,0
1782320770142,Forge,CAPTURE_ON,2,World Flythrough,37.90,26.39,13.10,N/A,4100.87,N/A,0,0,0,0
1782320770164,Forge,CAPTURE_ON,2,World Flythrough,15.38,65.02,13.10,N/A,4100.87,N/A,0,0,0,0
1782320770195,Forge,CAPTURE_ON,2,World Flythrough,32.31,30.95,13.10,N/A,4100.87,N/A,0,0,0,0
1782320770214,Forge,CAPTURE_ON,2,World Flythrough,51.83,19.29,13.10,N/A,4100.87,N/A,0,0,0,0
1782320770246,Forge,CAPTURE_ON,2,World Flythrough,31.37,31.87,13.10,N/A,4100.87,N/A,0,0,0,0
1782320770265,Forge,CAPTURE_ON,2,World Flythrough,53.23,18.79,13.10,N/A,4100.87,N/A,0,0,0,0
1782320770295,Forge,CAPTURE_ON,2,World Flythrough,32.98,30.32,13.10,N/A,4100.87,N/A,0,0,0,0
1782320770335,Forge,CAPTURE_ON,2,World Flythrough,25.11,39.82,13.10,N/A,4100.87,N/A,0,0,0,0
1782320770359,Forge,CAPTURE_ON,2,World Flythrough,40.66,24.59,13.10,N/A,4100.87,N/A,0,0,0,0
1782320770384,Forge,CAPTURE_ON,2,World Flythrough,40.07,24.95,13.10,N/A,4100.87,N/A,0,0,0,0
1782320770410,Forge,CAPTURE_ON,2,World Flythrough,38.22,26.16,13.10,N/A,4100.87,N/A,0,0,0,0
1782320770435,Forge,CAPTURE_ON,2,World Flythrough,41.67,24.00,13.10,N/A,4100.87,N/A,0,0,0,0
1782320770460,Forge,CAPTURE_ON,2,World Flythrough,39.04,25.62,13.10,N/A,4100.87,N/A,0,0,0,0
1782320770484,Forge,CAPTURE_ON,2,World Flythrough,41.35,24.18,13.10,N/A,4100.87,N/A,0,0,0,0
1782320770509,Forge,CAPTURE_ON,2,World Flythrough,41.42,24.14,13.10,N/A,4100.87,N/A,0,0,0,0
1782320770536,Forge,CAPTURE_ON,2,World Flythrough,36.54,27.36,13.10,N/A,4100.87,N/A,0,0,0,0
1782320770572,Forge,CAPTURE_ON,2,World Flythrough,27.82,35.94,13.10,N/A,4100.87,N/A,0,0,0,0
1782320770599,Forge,CAPTURE_ON,2,World Flythrough,36.84,27.15,13.10,N/A,4100.87,N/A,0,0,0,0
1782320770620,Forge,CAPTURE_ON,2,World Flythrough,46.50,21.50,13.10,N/A,4100.87,N/A,0,0,0,0
1782320770647,Forge,CAPTURE_ON,2,World Flythrough,38.04,26.28,13.10,N/A,4100.87,N/A,0,0,0,0
1782320770671,Forge,CAPTURE_ON,2,World Flythrough,41.10,24.33,13.10,N/A,4100.87,N/A,0,0,0,0
1782320770697,Forge,CAPTURE_ON,2,World Flythrough,39.49,25.32,13.10,N/A,4100.87,N/A,0,0,0,0
1782320770721,Forge,CAPTURE_ON,2,World Flythrough,40.02,24.99,13.10,N/A,4100.87,N/A,0,0,0,0
1782320770750,Forge,CAPTURE_ON,2,World Flythrough,34.97,28.60,13.10,N/A,4100.87,N/A,0,0,0,0
1782320770770,Forge,CAPTURE_ON,2,World Flythrough,48.79,20.49,13.10,N/A,4100.87,N/A,0,0,0,0
1782320770798,Forge,CAPTURE_ON,2,World Flythrough,36.94,27.07,13.10,N/A,4100.87,N/A,0,0,0,0
1782320770822,Forge,CAPTURE_ON,2,World Flythrough,41.27,24.23,13.10,N/A,4100.87,N/A,0,0,0,0
1782320770851,Forge,CAPTURE_ON,2,World Flythrough,34.19,29.25,13.10,N/A,4100.87,N/A,0,0,0,0
1782320770872,Forge,CAPTURE_ON,2,World Flythrough,47.20,21.19,13.10,N/A,4100.87,N/A,0,0,0,0
1782320770922,Forge,CAPTURE_ON,2,World Flythrough,19.94,50.14,13.10,N/A,4100.87,N/A,0,0,0,0
1782320770948,Forge,CAPTURE_ON,2,World Flythrough,38.60,25.90,13.10,N/A,4100.87,N/A,0,0,0,0
1782320770967,Forge,CAPTURE_ON,2,World Flythrough,53.79,18.59,13.10,N/A,4100.87,N/A,0,0,0,0
1782320770998,Forge,CAPTURE_ON,2,World Flythrough,31.66,31.58,13.10,N/A,4100.87,N/A,0,0,0,0
1782320771017,Forge,CAPTURE_ON,2,World Flythrough,53.48,18.70,13.10,N/A,4100.87,N/A,0,0,0,0
1782320771048,Forge,CAPTURE_ON,2,World Flythrough,32.17,31.08,13.10,N/A,4100.87,N/A,0,0,0,0
1782320771067,Forge,CAPTURE_ON,2,World Flythrough,53.24,18.78,13.10,N/A,4100.87,N/A,0,0,0,0
1782320771099,Forge,CAPTURE_ON,2,World Flythrough,31.70,31.55,13.10,N/A,4100.87,N/A,0,0,0,0
1782320771160,Forge,CAPTURE_ON,2,World Flythrough,54.96,18.20,15.88,N/A,2986.92,N/A,0,0,0,0
1782320771183,Forge,CAPTURE_ON,2,World Flythrough,15.12,66.15,15.88,N/A,2986.92,N/A,0,0,0,0
1782320771208,Forge,CAPTURE_ON,2,World Flythrough,38.86,25.74,15.88,N/A,2986.92,N/A,0,0,0,0
1782320771233,Forge,CAPTURE_ON,2,World Flythrough,41.32,24.20,15.88,N/A,2986.92,N/A,0,0,0,0
1782320771258,Forge,CAPTURE_ON,2,World Flythrough,40.65,24.60,15.88,N/A,2986.92,N/A,0,0,0,0
1782320771282,Forge,CAPTURE_ON,2,World Flythrough,40.41,24.75,15.88,N/A,2986.92,N/A,0,0,0,0
1782320771308,Forge,CAPTURE_ON,2,World Flythrough,39.47,25.33,15.88,N/A,2986.92,N/A,0,0,0,0
1782320771333,Forge,CAPTURE_ON,2,World Flythrough,38.68,25.85,15.88,N/A,2986.92,N/A,0,0,0,0
1782320771357,Forge,CAPTURE_ON,2,World Flythrough,41.26,24.23,15.88,N/A,2986.92,N/A,0,0,0,0
1782320771382,Forge,CAPTURE_ON,2,World Flythrough,40.55,24.66,15.88,N/A,2986.92,N/A,0,0,0,0
1782320771408,Forge,CAPTURE_ON,2,World Flythrough,39.81,25.12,15.88,N/A,2986.92,N/A,0,0,0,0
1782320771432,Forge,CAPTURE_ON,2,World Flythrough,40.19,24.88,15.88,N/A,2986.92,N/A,0,0,0,0
1782320771458,Forge,CAPTURE_ON,2,World Flythrough,39.41,25.37,15.88,N/A,2986.92,N/A,0,0,0,0
1782320771483,Forge,CAPTURE_ON,2,World Flythrough,39.96,25.03,15.88,N/A,2986.92,N/A,0,0,0,0
1782320771507,Forge,CAPTURE_ON,2,World Flythrough,40.92,24.44,15.88,N/A,2986.92,N/A,0,0,0,0
1782320771532,Forge,CAPTURE_ON,2,World Flythrough,38.47,25.99,15.88,N/A,2986.92,N/A,0,0,0,0
1782320771557,Forge,CAPTURE_ON,2,World Flythrough,41.15,24.30,15.88,N/A,2986.92,N/A,0,0,0,0
1782320771583,Forge,CAPTURE_ON,2,World Flythrough,39.63,25.24,15.88,N/A,2986.92,N/A,0,0,0,0
1782320771608,Forge,CAPTURE_ON,2,World Flythrough,39.52,25.30,15.88,N/A,2986.92,N/A,0,0,0,0
1782320771632,Forge,CAPTURE_ON,2,World Flythrough,40.75,24.54,15.88,N/A,2986.92,N/A,0,0,0,0
1782320771657,Forge,CAPTURE_ON,2,World Flythrough,39.83,25.10,15.88,N/A,2986.92,N/A,0,0,0,0
1782320771682,Forge,CAPTURE_ON,2,World Flythrough,40.51,24.69,15.88,N/A,2986.92,N/A,0,0,0,0
1782320771707,Forge,CAPTURE_ON,2,World Flythrough,40.10,24.94,15.88,N/A,2986.92,N/A,0,0,0,0
1782320771734,Forge,CAPTURE_ON,2,World Flythrough,37.96,26.34,15.88,N/A,2986.92,N/A,0,0,0,0
1782320771757,Forge,CAPTURE_ON,2,World Flythrough,42.06,23.78,15.88,N/A,2986.92,N/A,0,0,0,0
1782320771781,Forge,CAPTURE_ON,2,World Flythrough,40.27,24.83,15.88,N/A,2986.92,N/A,0,0,0,0
1782320771807,Forge,CAPTURE_ON,2,World Flythrough,39.73,25.17,15.88,N/A,2986.92,N/A,0,0,0,0
1782320771833,Forge,CAPTURE_ON,2,World Flythrough,39.71,25.18,15.88,N/A,2986.92,N/A,0,0,0,0
1782320771857,Forge,CAPTURE_ON,2,World Flythrough,40.24,24.85,15.88,N/A,2986.92,N/A,0,0,0,0
1782320771882,Forge,CAPTURE_ON,2,World Flythrough,40.21,24.87,15.88,N/A,2986.92,N/A,0,0,0,0
1782320771908,Forge,CAPTURE_ON,2,World Flythrough,39.15,25.55,15.88,N/A,2986.92,N/A,0,0,0,0
1782320771933,Forge,CAPTURE_ON,2,World Flythrough,38.84,25.75,15.88,N/A,2986.92,N/A,0,0,0,0
1782320771957,Forge,CAPTURE_ON,2,World Flythrough,42.44,23.56,15.88,N/A,2986.92,N/A,0,0,0,0
1782320771982,Forge,CAPTURE_ON,2,World Flythrough,39.47,25.34,15.88,N/A,2986.92,N/A,0,0,0,0
1782320772008,Forge,CAPTURE_ON,2,World Flythrough,39.85,25.09,15.88,N/A,2986.92,N/A,0,0,0,0
1782320772033,Forge,CAPTURE_ON,2,World Flythrough,39.52,25.30,15.88,N/A,2986.92,N/A,0,0,0,0
1782320772058,Forge,CAPTURE_ON,2,World Flythrough,40.33,24.80,15.88,N/A,2986.92,N/A,0,0,0,0
1782320772082,Forge,CAPTURE_ON,2,World Flythrough,40.12,24.93,15.88,N/A,2986.92,N/A,0,0,0,0
1782320772107,Forge,CAPTURE_ON,2,World Flythrough,40.48,24.70,15.88,N/A,2986.92,N/A,0,0,0,0
1782320772183,Forge,CAPTURE_ON,2,World Flythrough,38.37,26.06,10.82,N/A,3178.92,N/A,0,0,0,0
1782320772213,Forge,CAPTURE_ON,2,World Flythrough,12.54,79.74,10.82,N/A,3178.92,N/A,0,0,0,0
1782320772230,Forge,CAPTURE_ON,2,World Flythrough,57.21,17.48,10.82,N/A,3178.92,N/A,0,0,0,0
1782320772255,Forge,CAPTURE_ON,2,World Flythrough,40.78,24.52,10.82,N/A,3178.92,N/A,0,0,0,0
1782320772280,Forge,CAPTURE_ON,2,World Flythrough,39.56,25.28,10.82,N/A,3178.92,N/A,0,0,0,0
1782320772305,Forge,CAPTURE_ON,2,World Flythrough,40.26,24.84,10.82,N/A,3178.92,N/A,0,0,0,0
1782320772330,Forge,CAPTURE_ON,2,World Flythrough,39.68,25.20,10.82,N/A,3178.92,N/A,0,0,0,0
1782320772355,Forge,CAPTURE_ON,2,World Flythrough,40.23,24.86,10.82,N/A,3178.92,N/A,0,0,0,0
1782320772381,Forge,CAPTURE_ON,2,World Flythrough,38.75,25.81,10.82,N/A,3178.92,N/A,0,0,0,0
1782320772404,Forge,CAPTURE_ON,2,World Flythrough,42.25,23.67,10.82,N/A,3178.92,N/A,0,0,0,0
1782320772430,Forge,CAPTURE_ON,2,World Flythrough,39.29,25.45,10.82,N/A,3178.92,N/A,0,0,0,0
1782320772455,Forge,CAPTURE_ON,2,World Flythrough,40.38,24.77,10.82,N/A,3178.92,N/A,0,0,0,0
1782320772480,Forge,CAPTURE_ON,2,World Flythrough,39.58,25.27,10.82,N/A,3178.92,N/A,0,0,0,0
1782320772505,Forge,CAPTURE_ON,2,World Flythrough,39.54,25.29,10.82,N/A,3178.92,N/A,0,0,0,0
1782320772530,Forge,CAPTURE_ON,2,World Flythrough,40.42,24.74,10.82,N/A,3178.92,N/A,0,0,0,0
1782320772555,Forge,CAPTURE_ON,2,World Flythrough,40.22,24.87,10.82,N/A,3178.92,N/A,0,0,0,0
1782320772581,Forge,CAPTURE_ON,2,World Flythrough,38.26,26.14,10.82,N/A,3178.92,N/A,0,0,0,0
1782320772605,Forge,CAPTURE_ON,2,World Flythrough,41.75,23.95,10.82,N/A,3178.92,N/A,0,0,0,0
1782320772631,Forge,CAPTURE_ON,2,World Flythrough,38.78,25.79,10.82,N/A,3178.92,N/A,0,0,0,0
1782320772655,Forge,CAPTURE_ON,2,World Flythrough,41.50,24.10,10.82,N/A,3178.92,N/A,0,0,0,0
1782320772680,Forge,CAPTURE_ON,2,World Flythrough,39.82,25.11,10.82,N/A,3178.92,N/A,0,0,0,0
1782320772705,Forge,CAPTURE_ON,2,World Flythrough,40.24,24.85,10.82,N/A,3178.92,N/A,0,0,0,0
1782320772730,Forge,CAPTURE_ON,2,World Flythrough,39.58,25.27,10.82,N/A,3178.92,N/A,0,0,0,0
1782320772757,Forge,CAPTURE_ON,2,World Flythrough,37.37,26.76,10.82,N/A,3178.92,N/A,0,0,0,0
1782320772781,Forge,CAPTURE_ON,2,World Flythrough,41.41,24.15,10.82,N/A,3178.92,N/A,0,0,0,0
1782320772806,Forge,CAPTURE_ON,2,World Flythrough,40.83,24.49,10.82,N/A,3178.92,N/A,0,0,0,0
1782320772831,Forge,CAPTURE_ON,2,World Flythrough,39.99,25.01,10.82,N/A,3178.92,N/A,0,0,0,0
1782320772861,Forge,CAPTURE_ON,2,World Flythrough,33.14,30.18,10.82,N/A,3178.92,N/A,0,0,0,0
1782320772881,Forge,CAPTURE_ON,2,World Flythrough,50.46,19.82,10.82,N/A,3178.92,N/A,0,0,0,0
1782320772905,Forge,CAPTURE_ON,2,World Flythrough,40.19,24.88,10.82,N/A,3178.92,N/A,0,0,0,0
1782320772930,Forge,CAPTURE_ON,2,World Flythrough,40.57,24.65,10.82,N/A,3178.92,N/A,0,0,0,0
1782320772957,Forge,CAPTURE_ON,2,World Flythrough,38.13,26.23,10.82,N/A,3178.92,N/A,0,0,0,0
1782320772981,Forge,CAPTURE_ON,2,World Flythrough,40.19,24.88,10.82,N/A,3178.92,N/A,0,0,0,0
1782320773006,Forge,CAPTURE_ON,2,World Flythrough,40.93,24.43,10.82,N/A,3178.92,N/A,0,0,0,0
1782320773030,Forge,CAPTURE_ON,2,World Flythrough,40.88,24.46,10.82,N/A,3178.92,N/A,0,0,0,0
1782320773056,Forge,CAPTURE_ON,2,World Flythrough,39.37,25.40,10.82,N/A,3178.92,N/A,0,0,0,0
1782320773081,Forge,CAPTURE_ON,2,World Flythrough,40.21,24.87,10.82,N/A,3178.92,N/A,0,0,0,0
1782320773106,Forge,CAPTURE_ON,2,World Flythrough,39.80,25.13,10.82,N/A,3178.92,N/A,0,0,0,0
1782320773130,Forge,CAPTURE_ON,2,World Flythrough,40.60,24.63,10.82,N/A,3178.92,N/A,0,0,0,0
1782320773198,Forge,CAPTURE_ON,2,World Flythrough,40.16,24.90,7.63,N/A,3366.92,N/A,0,0,0,0
1782320773222,Forge,CAPTURE_ON,2,World Flythrough,14.93,66.98,7.63,N/A,3366.92,N/A,0,0,0,0
1782320773246,Forge,CAPTURE_ON,2,World Flythrough,42.45,23.56,7.63,N/A,3366.92,N/A,0,0,0,0
1782320773270,Forge,CAPTURE_ON,2,World Flythrough,41.38,24.16,7.63,N/A,3366.92,N/A,0,0,0,0
1782320773297,Forge,CAPTURE_ON,2,World Flythrough,37.08,26.97,7.63,N/A,3366.92,N/A,0,0,0,0
1782320773320,Forge,CAPTURE_ON,2,World Flythrough,42.71,23.41,7.63,N/A,3366.92,N/A,0,0,0,0
1782320773353,Forge,CAPTURE_ON,2,World Flythrough,30.91,32.35,7.63,N/A,3366.92,N/A,0,0,0,0
1782320773370,Forge,CAPTURE_ON,2,World Flythrough,57.34,17.44,7.63,N/A,3366.92,N/A,0,0,0,0
1782320773397,Forge,CAPTURE_ON,2,World Flythrough,36.94,27.07,7.63,N/A,3366.92,N/A,0,0,0,0
1782320773420,Forge,CAPTURE_ON,2,World Flythrough,42.94,23.29,7.63,N/A,3366.92,N/A,0,0,0,0
1782320773445,Forge,CAPTURE_ON,2,World Flythrough,40.21,24.87,7.63,N/A,3366.92,N/A,0,0,0,0
1782320773470,Forge,CAPTURE_ON,2,World Flythrough,40.49,24.70,7.63,N/A,3366.92,N/A,0,0,0,0
1782320773496,Forge,CAPTURE_ON,2,World Flythrough,38.09,26.25,7.63,N/A,3366.92,N/A,0,0,0,0
1782320773520,Forge,CAPTURE_ON,2,World Flythrough,42.41,23.58,7.63,N/A,3366.92,N/A,0,0,0,0
1782320773547,Forge,CAPTURE_ON,2,World Flythrough,36.86,27.13,7.63,N/A,3366.92,N/A,0,0,0,0
1782320773570,Forge,CAPTURE_ON,2,World Flythrough,43.21,23.14,7.63,N/A,3366.92,N/A,0,0,0,0
1782320773596,Forge,CAPTURE_ON,2,World Flythrough,38.70,25.84,7.63,N/A,3366.92,N/A,0,0,0,0
1782320773626,Forge,CAPTURE_ON,2,World Flythrough,32.96,30.34,7.63,N/A,3366.92,N/A,0,0,0,0
1782320773647,Forge,CAPTURE_ON,2,World Flythrough,47.32,21.13,7.63,N/A,3366.92,N/A,0,0,0,0
1782320773670,Forge,CAPTURE_ON,2,World Flythrough,44.28,22.58,7.63,N/A,3366.92,N/A,0,0,0,0
1782320773697,Forge,CAPTURE_ON,2,World Flythrough,36.73,27.22,7.63,N/A,3366.92,N/A,0,0,0,0
1782320773722,Forge,CAPTURE_ON,2,World Flythrough,39.42,25.37,7.63,N/A,3366.92,N/A,0,0,0,0
1782320773747,Forge,CAPTURE_ON,2,World Flythrough,40.85,24.48,7.63,N/A,3366.92,N/A,0,0,0,0
1782320773770,Forge,CAPTURE_ON,2,World Flythrough,42.97,23.27,7.63,N/A,3366.92,N/A,0,0,0,0
1782320773795,Forge,CAPTURE_ON,2,World Flythrough,39.76,25.15,7.63,N/A,3366.92,N/A,0,0,0,0
1782320773822,Forge,CAPTURE_ON,2,World Flythrough,38.18,26.19,7.63,N/A,3366.92,N/A,0,0,0,0
1782320773846,Forge,CAPTURE_ON,2,World Flythrough,40.81,24.50,7.63,N/A,3366.92,N/A,0,0,0,0
1782320773870,Forge,CAPTURE_ON,2,World Flythrough,42.32,23.63,7.63,N/A,3366.92,N/A,0,0,0,0
1782320773896,Forge,CAPTURE_ON,2,World Flythrough,38.50,25.97,7.63,N/A,3366.92,N/A,0,0,0,0
1782320773919,Forge,CAPTURE_ON,2,World Flythrough,42.70,23.42,7.63,N/A,3366.92,N/A,0,0,0,0
1782320774003,Forge,CAPTURE_ON,2,World Flythrough,11.90,84.01,7.63,N/A,3366.92,N/A,0,0,0,0
1782320774029,Forge,CAPTURE_ON,2,World Flythrough,38.65,25.87,7.63,N/A,3366.92,N/A,0,0,0,0
1782320774049,Forge,CAPTURE_ON,2,World Flythrough,48.80,20.49,7.63,N/A,3366.92,N/A,0,0,0,0
1782320774073,Forge,CAPTURE_ON,2,World Flythrough,42.27,23.66,7.63,N/A,3366.92,N/A,0,0,0,0
1782320774099,Forge,CAPTURE_ON,2,World Flythrough,38.47,25.99,7.63,N/A,3366.92,N/A,0,0,0,0
1782320774122,Forge,CAPTURE_ON,2,World Flythrough,44.19,22.63,7.63,N/A,3366.92,N/A,0,0,0,0
1782320774151,Forge,CAPTURE_ON,2,World Flythrough,34.24,29.20,7.63,N/A,3366.92,N/A,0,0,0,0
1782320774221,Forge,CAPTURE_ON,2,World Flythrough,46.66,21.43,9.44,N/A,3826.28,N/A,0,0,0,0
1782320774246,Forge,CAPTURE_ON,2,World Flythrough,13.65,73.24,9.44,N/A,3826.28,N/A,0,0,0,0
1782320774267,Forge,CAPTURE_ON,2,World Flythrough,45.87,21.80,9.44,N/A,3826.28,N/A,0,0,0,0
1782320774298,Forge,CAPTURE_ON,2,World Flythrough,33.00,30.30,9.44,N/A,3826.28,N/A,0,0,0,0
1782320774319,Forge,CAPTURE_ON,2,World Flythrough,47.23,21.17,9.44,N/A,3826.28,N/A,0,0,0,0
1782320774347,Forge,CAPTURE_ON,2,World Flythrough,35.82,27.92,9.44,N/A,3826.28,N/A,0,0,0,0
1782320774369,Forge,CAPTURE_ON,2,World Flythrough,46.25,21.62,9.44,N/A,3826.28,N/A,0,0,0,0
1782320774398,Forge,CAPTURE_ON,2,World Flythrough,33.73,29.65,9.44,N/A,3826.28,N/A,0,0,0,0
1782320774418,Forge,CAPTURE_ON,2,World Flythrough,50.60,19.76,9.44,N/A,3826.28,N/A,0,0,0,0
1782320774448,Forge,CAPTURE_ON,2,World Flythrough,33.56,29.80,9.44,N/A,3826.28,N/A,0,0,0,0
1782320774467,Forge,CAPTURE_ON,2,World Flythrough,50.64,19.75,9.44,N/A,3826.28,N/A,0,0,0,0
1782320774498,Forge,CAPTURE_ON,2,World Flythrough,32.39,30.87,9.44,N/A,3826.28,N/A,0,0,0,0
1782320774519,Forge,CAPTURE_ON,2,World Flythrough,48.25,20.73,9.44,N/A,3826.28,N/A,0,0,0,0
1782320774549,Forge,CAPTURE_ON,2,World Flythrough,33.38,29.96,9.44,N/A,3826.28,N/A,0,0,0,0
1782320774568,Forge,CAPTURE_ON,2,World Flythrough,52.27,19.13,9.44,N/A,3826.28,N/A,0,0,0,0
1782320774599,Forge,CAPTURE_ON,2,World Flythrough,32.68,30.60,9.44,N/A,3826.28,N/A,0,0,0,0
1782320774618,Forge,CAPTURE_ON,2,World Flythrough,51.12,19.56,9.44,N/A,3826.28,N/A,0,0,0,0
1782320774648,Forge,CAPTURE_ON,2,World Flythrough,33.49,29.86,9.44,N/A,3826.28,N/A,0,0,0,0
1782320774668,Forge,CAPTURE_ON,2,World Flythrough,50.16,19.94,9.44,N/A,3826.28,N/A,0,0,0,0
1782320774698,Forge,CAPTURE_ON,2,World Flythrough,33.29,30.04,9.44,N/A,3826.28,N/A,0,0,0,0
1782320774719,Forge,CAPTURE_ON,2,World Flythrough,48.39,20.67,9.44,N/A,3826.28,N/A,0,0,0,0
1782320774749,Forge,CAPTURE_ON,2,World Flythrough,32.61,30.67,9.44,N/A,3826.28,N/A,0,0,0,0
1782320774768,Forge,CAPTURE_ON,2,World Flythrough,53.28,18.77,9.44,N/A,3826.28,N/A,0,0,0,0
1782320774799,Forge,CAPTURE_ON,2,World Flythrough,32.58,30.69,9.44,N/A,3826.28,N/A,0,0,0,0
1782320774818,Forge,CAPTURE_ON,2,World Flythrough,52.11,19.19,9.44,N/A,3826.28,N/A,0,0,0,0
1782320774848,Forge,CAPTURE_ON,2,World Flythrough,33.54,29.82,9.44,N/A,3826.28,N/A,0,0,0,0
1782320774868,Forge,CAPTURE_ON,2,World Flythrough,50.31,19.88,9.44,N/A,3826.28,N/A,0,0,0,0
1782320774898,Forge,CAPTURE_ON,2,World Flythrough,33.14,30.18,9.44,N/A,3826.28,N/A,0,0,0,0
1782320774919,Forge,CAPTURE_ON,2,World Flythrough,47.78,20.93,9.44,N/A,3826.28,N/A,0,0,0,0
1782320774949,Forge,CAPTURE_ON,2,World Flythrough,33.74,29.64,9.44,N/A,3826.28,N/A,0,0,0,0
1782320774968,Forge,CAPTURE_ON,2,World Flythrough,51.37,19.47,9.44,N/A,3826.28,N/A,0,0,0,0
1782320774999,Forge,CAPTURE_ON,2,World Flythrough,32.82,30.47,9.44,N/A,3826.28,N/A,0,0,0,0
1782320775018,Forge,CAPTURE_ON,2,World Flythrough,51.19,19.54,9.44,N/A,3826.28,N/A,0,0,0,0
1782320775047,Forge,CAPTURE_ON,2,World Flythrough,34.27,29.18,9.44,N/A,3826.28,N/A,0,0,0,0
1782320775068,Forge,CAPTURE_ON,2,World Flythrough,48.64,20.56,9.44,N/A,3826.28,N/A,0,0,0,0
1782320775098,Forge,CAPTURE_ON,2,World Flythrough,32.97,30.33,9.44,N/A,3826.28,N/A,0,0,0,0
1782320775118,Forge,CAPTURE_ON,2,World Flythrough,48.72,20.53,9.44,N/A,3826.28,N/A,0,0,0,0
1782320775148,Forge,CAPTURE_ON,2,World Flythrough,34.32,29.14,9.44,N/A,3826.28,N/A,0,0,0,0
1782320775168,Forge,CAPTURE_ON,2,World Flythrough,50.88,19.65,9.44,N/A,3826.28,N/A,0,0,0,0
1782320775234,Forge,CAPTURE_ON,2,World Flythrough,33.59,29.77,10.37,N/A,4014.93,N/A,0,0,0,0
1782320775255,Forge,CAPTURE_ON,2,World Flythrough,17.26,57.93,10.37,N/A,4014.93,N/A,0,0,0,0
1782320775280,Forge,CAPTURE_ON,2,World Flythrough,39.91,25.06,10.37,N/A,4014.93,N/A,0,0,0,0
1782320775305,Forge,CAPTURE_ON,2,World Flythrough,40.36,24.78,10.37,N/A,4014.93,N/A,0,0,0,0
1782320775331,Forge,CAPTURE_ON,2,World Flythrough,38.77,25.79,10.37,N/A,4014.93,N/A,0,0,0,0
1782320775356,Forge,CAPTURE_ON,2,World Flythrough,39.79,25.13,10.37,N/A,4014.93,N/A,0,0,0,0
1782320775380,Forge,CAPTURE_ON,2,World Flythrough,40.84,24.49,10.37,N/A,4014.93,N/A,0,0,0,0
1782320775405,Forge,CAPTURE_ON,2,World Flythrough,39.68,25.20,10.37,N/A,4014.93,N/A,0,0,0,0
1782320775430,Forge,CAPTURE_ON,2,World Flythrough,40.38,24.76,10.37,N/A,4014.93,N/A,0,0,0,0
1782320775456,Forge,CAPTURE_ON,2,World Flythrough,39.77,25.14,10.37,N/A,4014.93,N/A,0,0,0,0
1782320775480,Forge,CAPTURE_ON,2,World Flythrough,40.59,24.64,10.37,N/A,4014.93,N/A,0,0,0,0
1782320775505,Forge,CAPTURE_ON,2,World Flythrough,39.75,25.16,10.37,N/A,4014.93,N/A,0,0,0,0
1782320775531,Forge,CAPTURE_ON,2,World Flythrough,38.75,25.81,10.37,N/A,4014.93,N/A,0,0,0,0
1782320775556,Forge,CAPTURE_ON,2,World Flythrough,39.80,25.13,10.37,N/A,4014.93,N/A,0,0,0,0
1782320775580,Forge,CAPTURE_ON,2,World Flythrough,41.26,24.24,10.37,N/A,4014.93,N/A,0,0,0,0
1782320775606,Forge,CAPTURE_ON,2,World Flythrough,39.14,25.55,10.37,N/A,4014.93,N/A,0,0,0,0
1782320775630,Forge,CAPTURE_ON,2,World Flythrough,40.69,24.58,10.37,N/A,4014.93,N/A,0,0,0,0
1782320775656,Forge,CAPTURE_ON,2,World Flythrough,40.17,24.89,10.37,N/A,4014.93,N/A,0,0,0,0
1782320775680,Forge,CAPTURE_ON,2,World Flythrough,40.80,24.51,10.37,N/A,4014.93,N/A,0,0,0,0
1782320775705,Forge,CAPTURE_ON,2,World Flythrough,39.79,25.13,10.37,N/A,4014.93,N/A,0,0,0,0
1782320775730,Forge,CAPTURE_ON,2,World Flythrough,39.43,25.36,10.37,N/A,4014.93,N/A,0,0,0,0
1782320775756,Forge,CAPTURE_ON,2,World Flythrough,39.07,25.60,10.37,N/A,4014.93,N/A,0,0,0,0
1782320775780,Forge,CAPTURE_ON,2,World Flythrough,41.55,24.07,10.37,N/A,4014.93,N/A,0,0,0,0
1782320775805,Forge,CAPTURE_ON,2,World Flythrough,39.75,25.15,10.37,N/A,4014.93,N/A,0,0,0,0
1782320775830,Forge,CAPTURE_ON,2,World Flythrough,39.92,25.05,10.37,N/A,4014.93,N/A,0,0,0,0
1782320775856,Forge,CAPTURE_ON,2,World Flythrough,39.82,25.11,10.37,N/A,4014.93,N/A,0,0,0,0
1782320775881,Forge,CAPTURE_ON,2,World Flythrough,39.75,25.16,10.37,N/A,4014.93,N/A,0,0,0,0
1782320775906,Forge,CAPTURE_ON,2,World Flythrough,40.16,24.90,10.37,N/A,4014.93,N/A,0,0,0,0
1782320775930,Forge,CAPTURE_ON,2,World Flythrough,40.60,24.63,10.37,N/A,4014.93,N/A,0,0,0,0
1782320775956,Forge,CAPTURE_ON,2,World Flythrough,38.82,25.76,10.37,N/A,4014.93,N/A,0,0,0,0
1782320775980,Forge,CAPTURE_ON,2,World Flythrough,40.73,24.55,10.37,N/A,4014.93,N/A,0,0,0,0
1782320776005,Forge,CAPTURE_ON,2,World Flythrough,40.54,24.67,10.37,N/A,4014.93,N/A,0,0,0,0
1782320776030,Forge,CAPTURE_ON,2,World Flythrough,39.74,25.17,10.37,N/A,4014.93,N/A,0,0,0,0
1782320776055,Forge,CAPTURE_ON,2,World Flythrough,39.95,25.03,10.37,N/A,4014.93,N/A,0,0,0,0
1782320776081,Forge,CAPTURE_ON,2,World Flythrough,39.41,25.37,10.37,N/A,4014.93,N/A,0,0,0,0
1782320776105,Forge,CAPTURE_ON,2,World Flythrough,40.58,24.64,10.37,N/A,4014.93,N/A,0,0,0,0
1782320776130,Forge,CAPTURE_ON,2,World Flythrough,40.33,24.79,10.37,N/A,4014.93,N/A,0,0,0,0
1782320776156,Forge,CAPTURE_ON,2,World Flythrough,38.56,25.93,10.37,N/A,4014.93,N/A,0,0,0,0
1782320776180,Forge,CAPTURE_ON,2,World Flythrough,40.55,24.66,10.37,N/A,4014.93,N/A,0,0,0,0
1782320776257,Forge,CAPTURE_ON,2,World Flythrough,40.16,24.90,7.89,N/A,4198.92,N/A,0,0,0,0
1782320776278,Forge,CAPTURE_ON,2,World Flythrough,13.74,72.78,7.89,N/A,4198.92,N/A,0,0,0,0
1782320776303,Forge,CAPTURE_ON,2,World Flythrough,41.16,24.29,7.89,N/A,4198.92,N/A,0,0,0,0
1782320776328,Forge,CAPTURE_ON,2,World Flythrough,39.78,25.14,7.89,N/A,4198.92,N/A,0,0,0,0
1782320776353,Forge,CAPTURE_ON,2,World Flythrough,40.06,24.96,7.89,N/A,4198.92,N/A,0,0,0,0
1782320776378,Forge,CAPTURE_ON,2,World Flythrough,38.99,25.64,7.89,N/A,4198.92,N/A,0,0,0,0
1782320776404,Forge,CAPTURE_ON,2,World Flythrough,39.40,25.38,7.89,N/A,4198.92,N/A,0,0,0,0
1782320776428,Forge,CAPTURE_ON,2,World Flythrough,40.83,24.49,7.89,N/A,4198.92,N/A,0,0,0,0
1782320776453,Forge,CAPTURE_ON,2,World Flythrough,40.34,24.79,7.89,N/A,4198.92,N/A,0,0,0,0
1782320776478,Forge,CAPTURE_ON,2,World Flythrough,40.52,24.68,7.89,N/A,4198.92,N/A,0,0,0,0
1782320776504,Forge,CAPTURE_ON,2,World Flythrough,37.59,26.61,7.89,N/A,4198.92,N/A,0,0,0,0
1782320776528,Forge,CAPTURE_ON,2,World Flythrough,42.31,23.64,7.89,N/A,4198.92,N/A,0,0,0,0
1782320776553,Forge,CAPTURE_ON,2,World Flythrough,40.49,24.70,7.89,N/A,4198.92,N/A,0,0,0,0
1782320776578,Forge,CAPTURE_ON,2,World Flythrough,39.98,25.01,7.89,N/A,4198.92,N/A,0,0,0,0
1782320776604,Forge,CAPTURE_ON,2,World Flythrough,37.51,26.66,7.89,N/A,4198.92,N/A,0,0,0,0
1782320776628,Forge,CAPTURE_ON,2,World Flythrough,43.05,23.23,7.89,N/A,4198.92,N/A,0,0,0,0
1782320776653,Forge,CAPTURE_ON,2,World Flythrough,39.42,25.37,7.89,N/A,4198.92,N/A,0,0,0,0
1782320776677,Forge,CAPTURE_ON,2,World Flythrough,41.12,24.32,7.89,N/A,4198.92,N/A,0,0,0,0
1782320776703,Forge,CAPTURE_ON,2,World Flythrough,38.91,25.70,7.89,N/A,4198.92,N/A,0,0,0,0
1782320776728,Forge,CAPTURE_ON,2,World Flythrough,39.63,25.24,7.89,N/A,4198.92,N/A,0,0,0,0
1782320776753,Forge,CAPTURE_ON,2,World Flythrough,40.59,24.64,7.89,N/A,4198.92,N/A,0,0,0,0
1782320776778,Forge,CAPTURE_ON,2,World Flythrough,39.73,25.17,7.89,N/A,4198.92,N/A,0,0,0,0
1782320776804,Forge,CAPTURE_ON,2,World Flythrough,38.86,25.73,7.89,N/A,4198.92,N/A,0,0,0,0
1782320776828,Forge,CAPTURE_ON,2,World Flythrough,40.54,24.66,7.89,N/A,4198.92,N/A,0,0,0,0
1782320776853,Forge,CAPTURE_ON,2,World Flythrough,41.00,24.39,7.89,N/A,4198.92,N/A,0,0,0,0
1782320776878,Forge,CAPTURE_ON,2,World Flythrough,39.51,25.31,7.89,N/A,4198.92,N/A,0,0,0,0
1782320776903,Forge,CAPTURE_ON,2,World Flythrough,39.96,25.03,7.89,N/A,4198.92,N/A,0,0,0,0
1782320776928,Forge,CAPTURE_ON,2,World Flythrough,40.65,24.60,7.89,N/A,4198.92,N/A,0,0,0,0
1782320776953,Forge,CAPTURE_ON,2,World Flythrough,39.33,25.43,7.89,N/A,4198.92,N/A,0,0,0,0
1782320776977,Forge,CAPTURE_ON,2,World Flythrough,41.24,24.25,7.89,N/A,4198.92,N/A,0,0,0,0
1782320777003,Forge,CAPTURE_ON,2,World Flythrough,38.03,26.30,7.89,N/A,4198.92,N/A,0,0,0,0
1782320777028,Forge,CAPTURE_ON,2,World Flythrough,41.39,24.16,7.89,N/A,4198.92,N/A,0,0,0,0
1782320777053,Forge,CAPTURE_ON,2,World Flythrough,39.74,25.16,7.89,N/A,4198.92,N/A,0,0,0,0
1782320777078,Forge,CAPTURE_ON,2,World Flythrough,40.07,24.96,7.89,N/A,4198.92,N/A,0,0,0,0
1782320777103,Forge,CAPTURE_ON,2,World Flythrough,39.49,25.32,7.89,N/A,4198.92,N/A,0,0,0,0
1782320777128,Forge,CAPTURE_ON,2,World Flythrough,40.48,24.71,7.89,N/A,4198.92,N/A,0,0,0,0
1782320777153,Forge,CAPTURE_ON,2,World Flythrough,40.56,24.65,7.89,N/A,4198.92,N/A,0,0,0,0
1782320777178,Forge,CAPTURE_ON,2,World Flythrough,39.87,25.08,7.89,N/A,4198.92,N/A,0,0,0,0
1782320777204,Forge,CAPTURE_ON,2,World Flythrough,38.41,26.04,7.89,N/A,4198.92,N/A,0,0,0,0
1782320777273,Forge,CAPTURE_ON,2,World Flythrough,40.54,24.67,6.08,N/A,4502.94,N/A,0,0,0,0
1782320777298,Forge,CAPTURE_ON,2,World Flythrough,14.37,69.57,6.08,N/A,4502.94,N/A,0,0,0,0
1782320777319,Forge,CAPTURE_ON,2,World Flythrough,47.53,21.04,6.08,N/A,4502.94,N/A,0,0,0,0
1782320777349,Forge,CAPTURE_ON,2,World Flythrough,33.33,30.01,6.08,N/A,4502.94,N/A,0,0,0,0
1782320777369,Forge,CAPTURE_ON,2,World Flythrough,50.27,19.89,6.08,N/A,4502.94,N/A,0,0,0,0
1782320777399,Forge,CAPTURE_ON,2,World Flythrough,32.95,30.35,6.08,N/A,4502.94,N/A,0,0,0,0
1782320777419,Forge,CAPTURE_ON,2,World Flythrough,51.33,19.48,6.08,N/A,4502.94,N/A,0,0,0,0
1782320777450,Forge,CAPTURE_ON,2,World Flythrough,31.48,31.76,6.08,N/A,4502.94,N/A,0,0,0,0
1782320777469,Forge,CAPTURE_ON,2,World Flythrough,55.23,18.11,6.08,N/A,4502.94,N/A,0,0,0,0
1782320777500,Forge,CAPTURE_ON,2,World Flythrough,31.53,31.71,6.08,N/A,4502.94,N/A,0,0,0,0
1782320777520,Forge,CAPTURE_ON,2,World Flythrough,50.24,19.90,6.08,N/A,4502.94,N/A,0,0,0,0
1782320777549,Forge,CAPTURE_ON,2,World Flythrough,34.40,29.07,6.08,N/A,4502.94,N/A,0,0,0,0
1782320777569,Forge,CAPTURE_ON,2,World Flythrough,50.57,19.78,6.08,N/A,4502.94,N/A,0,0,0,0
1782320777600,Forge,CAPTURE_ON,2,World Flythrough,32.74,30.55,6.08,N/A,4502.94,N/A,0,0,0,0
1782320777619,Forge,CAPTURE_ON,2,World Flythrough,51.43,19.44,6.08,N/A,4502.94,N/A,0,0,0,0
1782320777653,Forge,CAPTURE_ON,2,World Flythrough,29.78,33.58,6.08,N/A,4502.94,N/A,0,0,0,0
1782320777669,Forge,CAPTURE_ON,2,World Flythrough,62.34,16.04,6.08,N/A,4502.94,N/A,0,0,0,0
1782320777703,Forge,CAPTURE_ON,2,World Flythrough,29.30,34.13,6.08,N/A,4502.94,N/A,0,0,0,0
1782320777727,Forge,CAPTURE_ON,2,World Flythrough,40.49,24.70,6.08,N/A,4502.94,N/A,0,0,0,0
1782320777754,Forge,CAPTURE_ON,2,World Flythrough,36.91,27.09,6.08,N/A,4502.94,N/A,0,0,0,0
1782320777778,Forge,CAPTURE_ON,2,World Flythrough,42.53,23.51,6.08,N/A,4502.94,N/A,0,0,0,0
1782320777804,Forge,CAPTURE_ON,2,World Flythrough,38.32,26.10,6.08,N/A,4502.94,N/A,0,0,0,0
1782320777828,Forge,CAPTURE_ON,2,World Flythrough,43.03,23.24,6.08,N/A,4502.94,N/A,0,0,0,0
1782320777854,Forge,CAPTURE_ON,2,World Flythrough,37.95,26.35,6.08,N/A,4502.94,N/A,0,0,0,0
1782320777877,Forge,CAPTURE_ON,2,World Flythrough,43.08,23.21,6.08,N/A,4502.94,N/A,0,0,0,0
1782320777904,Forge,CAPTURE_ON,2,World Flythrough,37.18,26.90,6.08,N/A,4502.94,N/A,0,0,0,0
1782320777927,Forge,CAPTURE_ON,2,World Flythrough,43.25,23.12,6.08,N/A,4502.94,N/A,0,0,0,0
1782320777954,Forge,CAPTURE_ON,2,World Flythrough,37.04,27.00,6.08,N/A,4502.94,N/A,0,0,0,0
1782320777978,Forge,CAPTURE_ON,2,World Flythrough,41.39,24.16,6.08,N/A,4502.94,N/A,0,0,0,0
1782320778005,Forge,CAPTURE_ON,2,World Flythrough,37.76,26.48,6.08,N/A,4502.94,N/A,0,0,0,0
1782320778029,Forge,CAPTURE_ON,2,World Flythrough,41.04,24.37,6.08,N/A,4502.94,N/A,0,0,0,0
1782320778055,Forge,CAPTURE_ON,2,World Flythrough,39.14,25.55,6.08,N/A,4502.94,N/A,0,0,0,0
1782320778077,Forge,CAPTURE_ON,2,World Flythrough,44.31,22.57,6.08,N/A,4502.94,N/A,0,0,0,0
1782320778103,Forge,CAPTURE_ON,2,World Flythrough,38.64,25.88,6.08,N/A,4502.94,N/A,0,0,0,0
1782320778128,Forge,CAPTURE_ON,2,World Flythrough,41.24,24.25,6.08,N/A,4502.94,N/A,0,0,0,0
1782320778155,Forge,CAPTURE_ON,2,World Flythrough,36.22,27.61,6.08,N/A,4502.94,N/A,0,0,0,0
1782320778179,Forge,CAPTURE_ON,2,World Flythrough,42.59,23.48,6.08,N/A,4502.94,N/A,0,0,0,0
1782320778204,Forge,CAPTURE_ON,2,World Flythrough,39.93,25.04,6.08,N/A,4502.94,N/A,0,0,0,0
1782320778228,Forge,CAPTURE_ON,2,World Flythrough,41.05,24.36,6.08,N/A,4502.94,N/A,0,0,0,0
1782320778309,Forge,CAPTURE_ON,2,World Flythrough,35.98,27.79,7.21,N/A,4690.92,N/A,0,0,0,0
1782320778334,Forge,CAPTURE_ON,2,World Flythrough,12.79,78.20,7.21,N/A,4690.92,N/A,0,0,0,0
1782320778359,Forge,CAPTURE_ON,2,World Flythrough,39.60,25.25,7.21,N/A,4690.92,N/A,0,0,0,0
1782320778381,Forge,CAPTURE_ON,2,World Flythrough,45.66,21.90,7.21,N/A,4690.92,N/A,0,0,0,0
1782320778420,Forge,CAPTURE_ON,2,World Flythrough,25.36,39.44,7.21,N/A,4690.92,N/A,0,0,0,0
1782320778447,Forge,CAPTURE_ON,2,World Flythrough,37.88,26.40,7.21,N/A,4690.92,N/A,0,0,0,0
1782320778469,Forge,CAPTURE_ON,2,World Flythrough,44.04,22.71,7.21,N/A,4690.92,N/A,0,0,0,0
1782320778495,Forge,CAPTURE_ON,2,World Flythrough,39.28,25.46,7.21,N/A,4690.92,N/A,0,0,0,0
1782320778520,Forge,CAPTURE_ON,2,World Flythrough,39.94,25.04,7.21,N/A,4690.92,N/A,0,0,0,0
1782320778545,Forge,CAPTURE_ON,2,World Flythrough,40.36,24.78,7.21,N/A,4690.92,N/A,0,0,0,0
1782320778570,Forge,CAPTURE_ON,2,World Flythrough,40.59,24.64,7.21,N/A,4690.92,N/A,0,0,0,0
1782320778596,Forge,CAPTURE_ON,2,World Flythrough,37.93,26.36,7.21,N/A,4690.92,N/A,0,0,0,0
1782320778620,Forge,CAPTURE_ON,2,World Flythrough,41.92,23.86,7.21,N/A,4690.92,N/A,0,0,0,0
1782320778647,Forge,CAPTURE_ON,2,World Flythrough,36.68,27.26,7.21,N/A,4690.92,N/A,0,0,0,0
1782320778670,Forge,CAPTURE_ON,2,World Flythrough,42.14,23.73,7.21,N/A,4690.92,N/A,0,0,0,0
1782320778695,Forge,CAPTURE_ON,2,World Flythrough,41.29,24.22,7.21,N/A,4690.92,N/A,0,0,0,0
1782320778719,Forge,CAPTURE_ON,2,World Flythrough,41.32,24.20,7.21,N/A,4690.92,N/A,0,0,0,0
1782320778748,Forge,CAPTURE_ON,2,World Flythrough,35.23,28.39,7.21,N/A,4690.92,N/A,0,0,0,0
1782320778771,Forge,CAPTURE_ON,2,World Flythrough,42.51,23.52,7.21,N/A,4690.92,N/A,0,0,0,0
1782320778796,Forge,CAPTURE_ON,2,World Flythrough,39.40,25.38,7.21,N/A,4690.92,N/A,0,0,0,0
1782320778819,Forge,CAPTURE_ON,2,World Flythrough,43.48,23.00,7.21,N/A,4690.92,N/A,0,0,0,0
1782320778846,Forge,CAPTURE_ON,2,World Flythrough,37.43,26.72,7.21,N/A,4690.92,N/A,0,0,0,0
1782320778869,Forge,CAPTURE_ON,2,World Flythrough,43.28,23.10,7.21,N/A,4690.92,N/A,0,0,0,0
1782320778896,Forge,CAPTURE_ON,2,World Flythrough,36.84,27.15,7.21,N/A,4690.92,N/A,0,0,0,0
1782320778920,Forge,CAPTURE_ON,2,World Flythrough,42.81,23.36,7.21,N/A,4690.92,N/A,0,0,0,0
1782320778947,Forge,CAPTURE_ON,2,World Flythrough,36.97,27.05,7.21,N/A,4690.92,N/A,0,0,0,0
1782320778969,Forge,CAPTURE_ON,2,World Flythrough,43.80,22.83,7.21,N/A,4690.92,N/A,0,0,0,0
1782320778999,Forge,CAPTURE_ON,2,World Flythrough,34.18,29.26,7.21,N/A,4690.92,N/A,0,0,0,0
1782320779020,Forge,CAPTURE_ON,2,World Flythrough,47.72,20.96,7.21,N/A,4690.92,N/A,0,0,0,0
1782320779049,Forge,CAPTURE_ON,2,World Flythrough,33.67,29.70,7.21,N/A,4690.92,N/A,0,0,0,0
1782320779069,Forge,CAPTURE_ON,2,World Flythrough,49.91,20.04,7.21,N/A,4690.92,N/A,0,0,0,0
1782320779094,Forge,CAPTURE_ON,2,World Flythrough,39.91,25.05,7.21,N/A,4690.92,N/A,0,0,0,0
1782320779119,Forge,CAPTURE_ON,2,World Flythrough,41.00,24.39,7.21,N/A,4690.92,N/A,0,0,0,0
1782320779145,Forge,CAPTURE_ON,2,World Flythrough,38.07,26.27,7.21,N/A,4690.92,N/A,0,0,0,0
1782320779170,Forge,CAPTURE_ON,2,World Flythrough,41.28,24.22,7.21,N/A,4690.92,N/A,0,0,0,0
1782320779198,Forge,CAPTURE_ON,2,World Flythrough,34.73,28.80,7.21,N/A,4690.92,N/A,0,0,0,0
1782320779222,Forge,CAPTURE_ON,2,World Flythrough,41.80,23.92,7.21,N/A,4690.92,N/A,0,0,0,0
1782320779246,Forge,CAPTURE_ON,2,World Flythrough,41.40,24.16,7.21,N/A,4690.92,N/A,0,0,0,0
1782320779317,Forge,CAPTURE_ON,2,World Flythrough,42.85,23.34,8.24,N/A,3027.18,N/A,0,0,0,0
1782320779344,Forge,CAPTURE_ON,2,World Flythrough,13.53,73.93,8.24,N/A,3027.18,N/A,0,0,0,0
1782320779364,Forge,CAPTURE_ON,2,World Flythrough,50.14,19.94,8.24,N/A,3027.18,N/A,0,0,0,0
1782320779393,Forge,CAPTURE_ON,2,World Flythrough,33.55,29.81,8.24,N/A,3027.18,N/A,0,0,0,0
1782320779414,Forge,CAPTURE_ON,2,World Flythrough,49.40,20.24,8.24,N/A,3027.18,N/A,0,0,0,0
1782320779443,Forge,CAPTURE_ON,2,World Flythrough,33.35,29.99,8.24,N/A,3027.18,N/A,0,0,0,0
1782320779463,Forge,CAPTURE_ON,2,World Flythrough,50.44,19.82,8.24,N/A,3027.18,N/A,0,0,0,0
1782320779495,Forge,CAPTURE_ON,2,World Flythrough,32.30,30.96,8.24,N/A,3027.18,N/A,0,0,0,0
1782320779515,Forge,CAPTURE_ON,2,World Flythrough,48.24,20.73,8.24,N/A,3027.18,N/A,0,0,0,0
1782320779545,Forge,CAPTURE_ON,2,World Flythrough,32.69,30.59,8.24,N/A,3027.18,N/A,0,0,0,0
1782320779564,Forge,CAPTURE_ON,2,World Flythrough,55.59,17.99,8.24,N/A,3027.18,N/A,0,0,0,0
1782320779594,Forge,CAPTURE_ON,2,World Flythrough,33.49,29.86,8.24,N/A,3027.18,N/A,0,0,0,0
1782320779613,Forge,CAPTURE_ON,2,World Flythrough,51.20,19.53,8.24,N/A,3027.18,N/A,0,0,0,0
1782320779643,Forge,CAPTURE_ON,2,World Flythrough,32.81,30.48,8.24,N/A,3027.18,N/A,0,0,0,0
1782320779663,Forge,CAPTURE_ON,2,World Flythrough,50.69,19.73,8.24,N/A,3027.18,N/A,0,0,0,0
1782320779695,Forge,CAPTURE_ON,2,World Flythrough,31.35,31.90,8.24,N/A,3027.18,N/A,0,0,0,0
1782320779714,Forge,CAPTURE_ON,2,World Flythrough,55.14,18.13,8.24,N/A,3027.18,N/A,0,0,0,0
1782320779745,Forge,CAPTURE_ON,2,World Flythrough,32.03,31.22,8.24,N/A,3027.18,N/A,0,0,0,0
1782320779764,Forge,CAPTURE_ON,2,World Flythrough,52.80,18.94,8.24,N/A,3027.18,N/A,0,0,0,0
1782320779793,Forge,CAPTURE_ON,2,World Flythrough,33.34,30.00,8.24,N/A,3027.18,N/A,0,0,0,0
1782320779813,Forge,CAPTURE_ON,2,World Flythrough,50.95,19.63,8.24,N/A,3027.18,N/A,0,0,0,0
1782320779843,Forge,CAPTURE_ON,2,World Flythrough,32.90,30.39,8.24,N/A,3027.18,N/A,0,0,0,0
1782320779862,Forge,CAPTURE_ON,2,World Flythrough,51.09,19.57,8.24,N/A,3027.18,N/A,0,0,0,0
1782320779894,Forge,CAPTURE_ON,2,World Flythrough,32.33,30.93,8.24,N/A,3027.18,N/A,0,0,0,0
1782320779913,Forge,CAPTURE_ON,2,World Flythrough,53.70,18.62,8.24,N/A,3027.18,N/A,0,0,0,0
1782320779943,Forge,CAPTURE_ON,2,World Flythrough,32.99,30.31,8.24,N/A,3027.18,N/A,0,0,0,0
1782320779963,Forge,CAPTURE_ON,2,World Flythrough,50.44,19.83,8.24,N/A,3027.18,N/A,0,0,0,0
1782320779993,Forge,CAPTURE_ON,2,World Flythrough,33.59,29.77,8.24,N/A,3027.18,N/A,0,0,0,0
1782320780012,Forge,CAPTURE_ON,2,World Flythrough,50.86,19.66,8.24,N/A,3027.18,N/A,0,0,0,0
1782320780042,Forge,CAPTURE_ON,2,World Flythrough,33.28,30.05,8.24,N/A,3027.18,N/A,0,0,0,0
1782320780063,Forge,CAPTURE_ON,2,World Flythrough,48.93,20.44,8.24,N/A,3027.18,N/A,0,0,0,0
1782320780093,Forge,CAPTURE_ON,2,World Flythrough,32.39,30.88,8.24,N/A,3027.18,N/A,0,0,0,0
1782320780113,Forge,CAPTURE_ON,2,World Flythrough,51.87,19.28,8.24,N/A,3027.18,N/A,0,0,0,0
1782320780143,Forge,CAPTURE_ON,2,World Flythrough,33.24,30.09,8.24,N/A,3027.18,N/A,0,0,0,0
1782320780162,Forge,CAPTURE_ON,2,World Flythrough,51.48,19.43,8.24,N/A,3027.18,N/A,0,0,0,0
1782320780193,Forge,CAPTURE_ON,2,World Flythrough,33.04,30.27,8.24,N/A,3027.18,N/A,0,0,0,0
1782320780213,Forge,CAPTURE_ON,2,World Flythrough,49.90,20.04,8.24,N/A,3027.18,N/A,0,0,0,0
1782320780244,Forge,CAPTURE_ON,2,World Flythrough,32.19,31.07,8.24,N/A,3027.18,N/A,0,0,0,0
1782320780263,Forge,CAPTURE_ON,2,World Flythrough,52.85,18.92,8.24,N/A,3027.18,N/A,0,0,0,0
1782320780338,Forge,CAPTURE_ON,2,World Flythrough,32.64,30.63,10.36,N/A,3499.18,N/A,0,0,0,0
1782320780359,Forge,CAPTURE_ON,2,World Flythrough,15.07,66.37,10.36,N/A,3499.18,N/A,0,0,0,0
1782320780384,Forge,CAPTURE_ON,2,World Flythrough,40.61,24.63,10.36,N/A,3499.18,N/A,0,0,0,0
1782320780410,Forge,CAPTURE_ON,2,World Flythrough,39.25,25.48,10.36,N/A,3499.18,N/A,0,0,0,0
1782320780435,Forge,CAPTURE_ON,2,World Flythrough,39.25,25.48,10.36,N/A,3499.18,N/A,0,0,0,0
1782320780456,Forge,CAPTURE_ON,2,World Flythrough,47.64,20.99,10.36,N/A,3499.18,N/A,0,0,0,0
1782320780463,Forge,CAPTURE_ON,2,World Flythrough,141.37,7.07,10.36,N/A,3499.18,N/A,0,0,0,0
1782320780469,Forge,CAPTURE_ON,2,World Flythrough,163.73,6.11,10.36,N/A,3499.18,N/A,0,0,0,0
1782320780472,Forge,CAPTURE_ON,2,World Flythrough,412.75,2.42,10.36,N/A,3499.18,N/A,0,0,0,0
1782320780479,Forge,CAPTURE_ON,2,World Flythrough,138.70,7.21,10.36,N/A,3499.18,N/A,0,0,0,0
1782320780493,Forge,CAPTURE_ON,2,World Flythrough,73.19,13.66,10.36,N/A,3499.18,N/A,0,0,0,0
1782320780500,Forge,CAPTURE_ON,2,World Flythrough,139.83,7.15,10.36,N/A,3499.18,N/A,0,0,0,0
1782320780505,Forge,CAPTURE_ON,2,World Flythrough,180.83,5.53,10.36,N/A,3499.18,N/A,0,0,0,0
1782320780510,Forge,CAPTURE_ON,2,World Flythrough,194.59,5.14,10.36,N/A,3499.18,N/A,0,0,0,0
1782320780512,Forge,CAPTURE_ON,2,World Flythrough,442.42,2.26,10.36,N/A,3499.18,N/A,0,0,0,0
1782320780520,Forge,CAPTURE_ON,2,World Flythrough,139.22,7.18,10.36,N/A,3499.18,N/A,0,0,0,0
1782320780529,Forge,CAPTURE_ON,2,World Flythrough,110.07,9.09,10.36,N/A,3499.18,N/A,0,0,0,0
1782320780542,Forge,CAPTURE_ON,2,World Flythrough,74.80,13.37,10.36,N/A,3499.18,N/A,0,0,0,0
1782320780550,Forge,CAPTURE_ON,2,World Flythrough,129.97,7.69,10.36,N/A,3499.18,N/A,0,0,0,0
1782320780570,Forge,CAPTURE_ON,2,World Flythrough,50.02,19.99,10.36,N/A,3499.18,N/A,0,0,0,0
1782320780628,Forge,CAPTURE_ON,2,World Flythrough,17.29,57.82,10.36,N/A,3499.18,N/A,0,0,0,0
1782320780692,Forge,CAPTURE_ON,2,World Flythrough,15.70,63.71,10.36,N/A,3499.18,N/A,0,0,0,0
1782320780746,Forge,CAPTURE_ON,2,World Flythrough,18.45,54.20,10.36,N/A,3499.18,N/A,0,0,0,0
1782320780796,Forge,CAPTURE_ON,2,World Flythrough,20.04,49.89,10.36,N/A,3499.18,N/A,0,0,0,0
1782320780845,Forge,CAPTURE_ON,2,World Flythrough,20.20,49.50,10.36,N/A,3499.18,N/A,0,0,0,0
1782320780895,Forge,CAPTURE_ON,2,World Flythrough,19.97,50.07,10.36,N/A,3499.18,N/A,0,0,0,0
1782320780953,Forge,CAPTURE_ON,2,World Flythrough,17.37,57.56,10.36,N/A,3499.18,N/A,0,0,0,0
1782320781011,Forge,CAPTURE_ON,2,World Flythrough,17.15,58.31,10.36,N/A,3499.18,N/A,0,0,0,0
1782320781069,Forge,CAPTURE_ON,2,World Flythrough,17.26,57.92,10.36,N/A,3499.18,N/A,0,0,0,0
1782320781119,Forge,CAPTURE_ON,2,World Flythrough,19.94,50.16,10.36,N/A,3499.18,N/A,0,0,0,0
